approach,f1,mcc,name,pr_auc,precision,recall,roc_auc,std_f1,std_mcc,std_pr_auc,std_precision,std_recall,std_roc_auc
SVM,0.74,0.6193545336,dj-wasabi__ansible-zabbix-proxy,0.8479166667,0.7616666667,0.8466666667,0.8920833333,0.1437898126,0.1849473365,0.0819520947,0.2193487837,0.2441311123,0.1120275574
NB,0.835,0.7341725434,dj-wasabi__ansible-zabbix-proxy,0.899702381,0.8552380952,0.8816666667,0.8583333333,0.173881789,0.2820112746,0.118962544,0.2391140109,0.152834333,0.1613312672
LR,0.7517460317,0.5998431912,dj-wasabi__ansible-zabbix-proxy,0.8352380952,0.7695238095,0.8116666667,0.8704166667,0.1989177065,0.3171200562,0.1618690437,0.2629541746,0.2165448375,0.150928262
RF,0.8238888889,0.7534332514,dj-wasabi__ansible-zabbix-proxy,0.9016666667,0.8616666667,0.8666666667,0.9354166667,0.1524629616,0.1986188479,0.0870863237,0.195512148,0.212916259,0.0739568662
CART,0.8566666667,0.7694266867,dj-wasabi__ansible-zabbix-proxy,0.92125,0.9266666667,0.8283333333,0.8808333333,0.1227463509,0.2309023757,0.0822312542,0.1474222959,0.1760760568,0.1187931208
SVM,0.8485407648,0.8321567938,ansistrano__deploy,0.8938433947,0.8501190476,0.88875,0.9628852911,0.1934306864,0.1936659253,0.1042712349,0.203653527,0.2208376572,0.0512137762
NB,0.7782088745,0.7330288596,ansistrano__deploy,0.8229242408,0.8141666667,0.7795833333,0.9038625681,0.1104243542,0.1359112411,0.0960361361,0.1794880838,0.1302501599,0.0844311694
LR,0.888746115,0.8629987267,ansistrano__deploy,0.9075437915,0.8438690476,0.9620833333,0.9731458288,0.1200185886,0.1525343664,0.096867655,0.170865384,0.0833322917,0.0535189986
RF,0.9065422078,0.8968185889,ansistrano__deploy,0.9333771249,0.9175,0.9329166667,0.9902609087,0.1307537116,0.1285518106,0.0778477734,0.1316534804,0.163405065,0.0266876727
CART,0.9020917971,0.8913665032,ansistrano__deploy,0.9365318868,0.9078571429,0.9233333333,0.9490609365,0.1855198879,0.183974498,0.0886971948,0.1828086183,0.2047966471,0.0997323228
SVM,0.8421052632,0.83376086,dockpack__ansible-vault,0.8881578947,0.8157894737,0.8947368421,0.9577067669,0.3128518333,0.3344218814,0.2317153456,0.3328713326,0.306892205,0.1017124004
NB,0.7109440267,0.6948960155,dockpack__ansible-vault,0.8254385965,0.6837719298,0.8421052632,0.8707706767,0.402831044,0.426267498,0.2585663025,0.426124876,0.3646422753,0.1969483984
LR,0.8245614035,0.815776135,dockpack__ansible-vault,0.8793859649,0.798245614,0.8947368421,0.9332706767,0.3265703591,0.3473775047,0.2382642892,0.3528453572,0.306892205,0.1928364394
RF,0.9298245614,0.9220305624,dockpack__ansible-vault,0.9375,0.9210526316,0.9473684211,0.9661654135,0.2314194028,0.2621009611,0.2136385905,0.244042592,0.2232968783,0.1435479932
CART,0.8947368421,0.8872180451,dockpack__ansible-vault,0.9276315789,0.8947368421,0.8947368421,0.9436090226,0.306892205,0.3296287251,0.2260421387,0.306892205,0.306892205,0.1648143625
SVM,0.85,0.85,DavidWittman__ansible-redis,0.9282142857,0.875,0.85,0.9881944444,0.3068658773,0.3068658773,0.1324123699,0.3112474899,0.3201562119,0.0354846841
NB,0.7116666667,0.6823695467,DavidWittman__ansible-redis,0.7975595238,0.7708333333,0.725,0.8991319444,0.3208106053,0.3607669277,0.2497097167,0.3640770294,0.334477204,0.1406720386
LR,0.9166666667,0.9145497224,DavidWittman__ansible-redis,0.9460714286,0.95,0.925,0.9736111111,0.1443375673,0.1480950321,0.0945309311,0.15,0.1785357107,0.0665942894
RF,0.8816666667,0.8767517299,DavidWittman__ansible-redis,0.9325,0.875,0.925,0.9875,0.2482102603,0.2520488571,0.1245519749,0.2732266052,0.2384848004,0.0544862368
CART,0.8583333333,0.8558450873,DavidWittman__ansible-redis,0.9204761905,0.8916666667,0.875,0.9263888889,0.254269105,0.2571775607,0.1308991234,0.270159418,0.2680951324,0.1341626408
SVM,0.6751875133,0.6714580697,CentOS-PaaS-SIG__linchpin,0.7173044529,0.595467097,0.8128937729,0.9455969267,0.202586187,0.2053262118,0.1724169475,0.2062040933,0.2229842499,0.0743920674
NB,0.1175601611,0.052888767,CentOS-PaaS-SIG__linchpin,0.4759144915,0.0699905722,0.8725457875,0.7675684063,0.0687995395,0.0703050371,0.0930334138,0.0544516493,0.2270170286,0.1027137382
LR,0.5142868745,0.5098873464,CentOS-PaaS-SIG__linchpin,0.5669553925,0.6377106227,0.4637057387,0.8842691506,0.129513084,0.1375806755,0.1332414696,0.215846282,0.1392873245,0.0764937434
RF,0.8682882443,0.8678754221,CentOS-PaaS-SIG__linchpin,0.8842671831,0.8729342879,0.8887973138,0.9876605199,0.1181485789,0.1182554516,0.1036898454,0.1372257538,0.1552790547,0.0245774169
CART,0.8290672328,0.8275987182,CentOS-PaaS-SIG__linchpin,0.8481750395,0.7975856195,0.8918559219,0.9396041387,0.1689408064,0.1722326648,0.1532726596,0.1975706529,0.1722261202,0.0888039729
SVM,0.8,0.7990257816,CSCfi__ansible-role-slurm,0.8901884921,0.7875,0.825,0.9657738095,0.3785938897,0.3820206078,0.2142429626,0.3854785986,0.3799671038,0.0983965661
NB,0.4579761905,0.4555124857,CSCfi__ansible-role-slurm,0.6493725198,0.3327777778,0.85,0.887921627,0.251316009,0.2714535271,0.1690708884,0.2265645195,0.3570714214,0.1490640891
LR,0.7558333333,0.7566912138,CSCfi__ansible-role-slurm,0.8262152778,0.69375,0.925,0.9795535714,0.3074435359,0.3194102999,0.2352388274,0.3557013319,0.2633913438,0.0544237017
RF,0.9125,0.9087449179,CSCfi__ansible-role-slurm,0.938764881,0.8958333333,0.95,0.9828571429,0.2385939717,0.2549823669,0.1733690188,0.2626983378,0.2179449472,0.0680869126
CART,0.9125,0.9091565026,CSCfi__ansible-role-slurm,0.9385912698,0.8958333333,0.95,0.9667361111,0.2385939717,0.2546042866,0.1737487833,0.2626983378,0.2179449472,0.119053766
SVM,0.6644696213,0.6603404853,gluster__gdeploy,0.7732898916,0.6923160173,0.6553030303,0.9033672448,0.3685636193,0.3729404985,0.217304006,0.3913106988,0.3623444667,0.1590710762
NB,0.1145906981,0.0766228208,gluster__gdeploy,0.521067811,0.0613347562,0.9794372294,0.5705654046,0.0393229663,0.0424576069,0.0255918594,0.0216166198,0.0519142206,0.0413793639
LR,0.2550294046,0.3350135034,gluster__gdeploy,0.5291715533,0.8213957759,0.1945887446,0.6909449336,0.1282612984,0.1730382331,0.209418409,0.3791016315,0.1944448326,0.1366042901
RF,0.8542694679,0.857007587,gluster__gdeploy,0.8754775132,0.8642857143,0.8798701299,0.9948348443,0.1743901083,0.1670340491,0.1468161411,0.1857350971,0.1885012978,0.0141233535
CART,0.7942549874,0.8056489641,gluster__gdeploy,0.8401380799,0.820995671,0.8506493506,0.9208242177,0.203430188,0.1769798508,0.1351372921,0.1962433685,0.2329732421,0.1151135524
SVM,0.8748366013,0.8526958697,Oefenweb__ansible-supervisor,0.9101112667,0.8496732026,0.9379084967,0.9611111111,0.2405597265,0.2943849132,0.179050939,0.2786031567,0.2112334982,0.0972198879
NB,0.4187208217,0.3740891554,Oefenweb__ansible-supervisor,0.6526455026,0.3294117647,0.8986928105,0.8454248366,0.2722643527,0.2847572924,0.1674609013,0.3095711461,0.2859803903,0.1465546004
LR,0.8977124183,0.8754691604,Oefenweb__ansible-supervisor,0.9204598506,0.8725490196,0.9575163399,0.9723856209,0.201843886,0.2656892662,0.1702535595,0.2460764784,0.1645060516,0.0836674706
RF,0.9424836601,0.9362825187,Oefenweb__ansible-supervisor,0.9599089636,0.9346405229,0.977124183,0.9901960784,0.1195631904,0.1300350932,0.0856466482,0.1652832499,0.0934663376,0.0355744135
CART,0.9366013072,0.9310758498,Oefenweb__ansible-supervisor,0.9600023343,0.9385620915,0.9705882353,0.9718954248,0.1485228505,0.1579347618,0.0925345749,0.174816748,0.1221890137,0.0715902615
SVM,0.9614035088,0.933265832,rvm__rvm1-ansible,0.9692982456,0.9385964912,1.0,1.0,0.0925677611,0.1541159595,0.0726006375,0.1452012751,0.0,0.0
NB,0.9368421053,0.9069500425,rvm__rvm1-ansible,0.9583333333,0.9298245614,0.9736842105,0.951754386,0.1251407333,0.1808446247,0.0844227042,0.1650428748,0.1116484391,0.0948829283
LR,0.9719298246,0.9555105547,rvm__rvm1-ansible,0.9780701754,0.9561403509,1.0,1.0,0.0846479865,0.1297079078,0.0653494054,0.1306988108,0.0,0.0
RF,0.9649122807,0.9251236984,rvm__rvm1-ansible,0.9736842105,0.9473684211,1.0,1.0,0.1022974017,0.2375433528,0.0767230512,0.1534461025,0.0,0.0
CART,0.9385964912,0.8596491228,rvm__rvm1-ansible,0.9561403509,0.9122807018,1.0,0.9298245614,0.1452012751,0.3300857495,0.1024852758,0.2049705517,0.0,0.1650428748
SVM,0.9019607843,0.8896569979,oVirt__ovirt-ansible-vm-infra,0.9213235294,0.9117647059,0.9117647059,0.9831932773,0.2495670992,0.2837414769,0.2247451459,0.2564058202,0.2564058202,0.0460271057
NB,0.7254901961,0.6870383146,oVirt__ovirt-ansible-vm-infra,0.7901960784,0.6833333333,0.8823529412,0.9051120448,0.3664936154,0.4126543465,0.3086178509,0.4010199415,0.3221897397,0.1766761064
LR,0.8333333333,0.8188261658,oVirt__ovirt-ansible-vm-infra,0.8848039216,0.8137254902,0.8823529412,0.9600840336,0.3333333333,0.3611704284,0.2447485253,0.3518501656,0.3221897397,0.0899198931
RF,0.8921568627,0.8882542631,oVirt__ovirt-ansible-vm-infra,0.9458333333,0.9019607843,0.9117647059,0.9831932773,0.2616012562,0.265703221,0.1272188686,0.2745098039,0.2564058202,0.0672268908
CART,0.8823529412,0.8777458692,oVirt__ovirt-ansible-vm-infra,0.9360294118,0.8823529412,0.9117647059,0.9474789916,0.2541466941,0.2583545296,0.1258706702,0.2727534852,0.2564058202,0.1273740033
SVM,0.9517006803,0.952543812,Oefenweb__ansible-percona-server,0.9716304104,0.9489795918,0.9693877551,0.9679300292,0.1689048659,0.1665862814,0.0892570276,0.1850540205,0.1567580765,0.1567987383
NB,0.8023809524,0.803731154,Oefenweb__ansible-percona-server,0.8606656948,0.7359086492,0.9591836735,0.965765527,0.2252738319,0.225097236,0.1432610825,0.2813860026,0.1701360408,0.0914262332
LR,0.8638596098,0.8593862804,Oefenweb__ansible-percona-server,0.9041708292,0.8169758813,0.9897959184,0.9610500044,0.2231275624,0.2394986434,0.1558481591,0.2869605803,0.0706959513,0.1075877119
RF,0.9659863946,0.9664977213,Oefenweb__ansible-percona-server,0.981834492,0.9693877551,0.9693877551,1.0,0.1542283544,0.1532534667,0.0748812246,0.1567580765,0.1567580765,0.0
CART,0.9755102041,0.9759491724,Oefenweb__ansible-percona-server,0.9820774464,0.9727891156,0.9897959184,0.9925898931,0.083781248,0.0816479881,0.0609092031,0.1083107709,0.0706959513,0.0361675683
SVM,0.5826587302,0.4687554295,DataDog__ansible-datadog,0.6985714286,0.5054166667,0.875,0.8303571429,0.3090688837,0.3899118415,0.2593075634,0.3445838372,0.3112474899,0.2229248918
NB,0.5076190476,0.3648594878,DataDog__ansible-datadog,0.6419636613,0.4295454545,0.8,0.78625,0.2586569183,0.3191237157,0.2362434954,0.2786645396,0.335824028,0.2295670513
LR,0.6462637363,0.6092759724,DataDog__ansible-datadog,0.7387980769,0.5741666667,0.8833333333,0.849047619,0.3217449493,0.3446812756,0.2729446132,0.357750495,0.3032234233,0.2581158839
RF,0.7138095238,0.6627582535,DataDog__ansible-datadog,0.8192445055,0.6491666667,0.875,0.9323809524,0.2917493566,0.2903225993,0.1493498089,0.3229411281,0.3112474899,0.1391307644
CART,0.7397619048,0.6958323556,DataDog__ansible-datadog,0.8191666667,0.705,0.9,0.8760119048,0.2738251548,0.3068139391,0.2259870326,0.3266879245,0.2603416559,0.1597103897
SVM,0.911318972,0.9073607026,automium__service-kubernetes,0.9334687688,0.9132936508,0.931547619,0.9810699279,0.2058354235,0.218253462,0.1618165047,0.2241648192,0.2078011911,0.0794587348
NB,0.7546674225,0.7333955952,automium__service-kubernetes,0.8135844918,0.7119331066,0.8988095238,0.9512959828,0.2434017628,0.2479834976,0.1887521461,0.2927608575,0.1920507834,0.0818884556
LR,0.8783764516,0.8745469552,automium__service-kubernetes,0.9062184203,0.8428287982,0.9662698413,0.9699731234,0.1883718468,0.1875982529,0.1403329243,0.2339914172,0.1227435542,0.0807571358
RF,0.957095616,0.957983174,automium__service-kubernetes,0.9698652592,0.9566609977,0.9801587302,0.9953121892,0.1208745154,0.1145098915,0.080703074,0.1459994448,0.090577081,0.0290546888
CART,0.9510393046,0.9491366361,automium__service-kubernetes,0.9628641254,0.9416666667,0.9811507937,0.9842523771,0.1162922489,0.1208432516,0.0870583684,0.1533251378,0.0875436309,0.0513810709
SVM,0.0230452675,0.0305848983,openstack__openstack-ansible,0.4969504417,0.0925925926,0.0133744856,0.6391200275,0.0652753253,0.0958969983,0.138514191,0.2734226493,0.0378916602,0.1731036035
NB,0.1397154817,0.0421304255,openstack__openstack-ansible,0.5169542948,0.0761914311,0.915755438,0.5310288522,0.0488833312,0.0579713556,0.046749389,0.0279577104,0.2024028764,0.0673316346
LR,0.2376953766,0.2156149311,openstack__openstack-ansible,0.4687347196,0.1427604497,0.780002405,0.7709980415,0.0751225224,0.0923323491,0.1191970369,0.0481374912,0.2214453484,0.0943954315
RF,0.5618423515,0.5756137373,openstack__openstack-ansible,0.6534746955,0.7681657848,0.5013975736,0.9119601766,0.2691579698,0.2549854128,0.226007148,0.2980312124,0.2526969826,0.0925490111
CART,0.5609399589,0.5340707981,openstack__openstack-ansible,0.5950645585,0.5426190109,0.6189968468,0.7858356884,0.2270918913,0.2360550477,0.2070619747,0.237716032,0.220774923,0.1200056868
SVM,0.3408272283,0.2199767927,AlbanAndrieu__ansible-jenkins-slave,0.443924554,0.2931318681,0.5375,0.6461984414,0.2475769795,0.3288755179,0.2229272971,0.2365062326,0.3190426217,0.1827712529
NB,0.2369349464,0.0844663386,AlbanAndrieu__ansible-jenkins-slave,0.4540426419,0.1557887438,0.7166666667,0.595151919,0.096017614,0.1643517903,0.1266603967,0.0782558304,0.287711275,0.1346968083
LR,0.1837535014,0.1661175279,AlbanAndrieu__ansible-jenkins-slave,0.5472026334,0.4458333333,0.175,0.5879908085,0.1610795268,0.2400443839,0.1111973773,0.4561120415,0.1672904992,0.1649114506
RF,0.6115079365,0.5839421056,AlbanAndrieu__ansible-jenkins-slave,0.7242342358,0.8221153846,0.56875,0.8454141172,0.284304004,0.3425669386,0.2141062614,0.3257544157,0.2401442709,0.1849178856
CART,0.469047619,0.4085134977,AlbanAndrieu__ansible-jenkins-slave,0.5684790422,0.5246527778,0.5541666667,0.7063558819,0.1952961586,0.2499059018,0.1721609441,0.3057620436,0.2185415674,0.1451442413
SVM,0.6150537634,0.6112145475,StackStorm__ansible-st2,0.7355001046,0.6592165899,0.6220430108,0.8985668814,0.3738759943,0.3761163224,0.2603590332,0.4128454323,0.3836110984,0.1461557037
NB,0.1936621102,0.1718579886,StackStorm__ansible-st2,0.5179644068,0.1180537097,0.9107526882,0.6558158819,0.1586926379,0.1492152881,0.1237074205,0.1102830361,0.2170405536,0.0925129415
LR,0.3444309089,0.3653836217,StackStorm__ansible-st2,0.5810553845,0.2429711151,0.8758064516,0.9210350204,0.1977950882,0.1719569098,0.106349627,0.1834136974,0.2308950447,0.1132643484
RF,0.8058371736,0.8055704531,StackStorm__ansible-st2,0.8445965525,0.8114695341,0.8639784946,0.9469645557,0.1885839562,0.1964203324,0.1614738999,0.2442975099,0.2055282892,0.1130843942
CART,0.7745391705,0.7693590723,StackStorm__ansible-st2,0.8146963295,0.7361890797,0.8801075269,0.9223905558,0.2194135304,0.2314667398,0.1883726327,0.2702903665,0.1957166481,0.1131932917
SVM,1.0,1.0,plone__ansible.plone_server,1.0,1.0,1.0,1.0,0.0,0.0,0.0,0.0,0.0,0.0
NB,0.9627906977,0.9570545366,plone__ansible.plone_server,0.9738372093,0.9476744186,1.0,0.9843023256,0.1214063377,0.1396843953,0.0833445999,0.1666891998,0.0,0.0541915358
LR,1.0,1.0,plone__ansible.plone_server,1.0,1.0,1.0,1.0,0.0,0.0,0.0,0.0,0.0,0.0
RF,1.0,1.0,plone__ansible.plone_server,1.0,1.0,1.0,1.0,0.0,0.0,0.0,0.0,0.0,0.0
CART,1.0,1.0,plone__ansible.plone_server,1.0,1.0,1.0,1.0,0.0,0.0,0.0,0.0,0.0,0.0
SVM,0.8392857143,0.8342583994,Graylog2__graylog-ansible-role,0.9091666667,0.81,0.95,0.9744444444,0.2999314926,0.3054049481,0.1605956793,0.3396239751,0.2179449472,0.0629618736
NB,0.8467857143,0.8349315854,Graylog2__graylog-ansible-role,0.8931547619,0.8279761905,0.95,0.9311111111,0.3133058996,0.3454087971,0.2355705054,0.3463953306,0.2179449472,0.1551025149
LR,0.9166666667,0.9149561099,Graylog2__graylog-ansible-role,0.9425,0.885,1.0,0.99,0.1787300882,0.1812603566,0.1186117616,0.2372235233,0.0,0.0435889894
RF,0.9,0.8844444444,Graylog2__graylog-ansible-role,0.9066666667,0.9,0.9,0.9844444444,0.3,0.34695145,0.2800495988,0.3,0.3,0.0487371382
CART,0.9583333333,0.9570815305,Graylog2__graylog-ansible-role,0.9708333333,0.9416666667,1.0,0.9894444444,0.127747581,0.1302225288,0.0884865024,0.1769730048,0.0,0.0317153622
SVM,0.7452380952,0.6524986339,dj-wasabi__ansible-zabbix-server,0.8506324405,0.78125,0.7604166667,0.8125,0.3277162785,0.4028076034,0.2271337892,0.3292391798,0.3594882068,0.2864109809
NB,0.7617559524,0.6614946221,dj-wasabi__ansible-zabbix-server,0.8673735119,0.8385416667,0.71875,0.8169642857,0.3048228975,0.3595001268,0.2216511956,0.3313335193,0.3130204,0.244713631
LR,0.7911210317,0.6619340661,dj-wasabi__ansible-zabbix-server,0.8503348214,0.8416666667,0.7708333333,0.8757440476,0.2428310785,0.3593121162,0.2246341714,0.2651650429,0.2610409185,0.1723606826
RF,0.8318452381,0.7414787566,dj-wasabi__ansible-zabbix-server,0.8777901786,0.8541666667,0.8489583333,0.9267113095,0.2685135806,0.3880000966,0.2301921935,0.2676090121,0.2949498986,0.1722301493
CART,0.8157738095,0.709300539,dj-wasabi__ansible-zabbix-server,0.8836309524,0.8364583333,0.859375,0.8519345238,0.1859314112,0.2741651964,0.1171685784,0.2210469682,0.1903002699,0.1337941621
SVM,0.9041666667,0.8318375673,idealista__java_role,0.9427083333,0.9166666667,0.9375,0.9375,0.1452368755,0.2808551138,0.0906609124,0.1767766953,0.1653594569,0.1397542486
NB,0.9166666667,0.8485843918,idealista__java_role,0.9453125,0.9375,0.90625,0.921875,0.1767766953,0.3365083406,0.1247556205,0.1653594569,0.1951561874,0.1704486268
LR,0.8875,0.7957531755,idealista__java_role,0.9296875,0.90625,0.90625,0.9375,0.182145775,0.3980496833,0.1256223656,0.2038581853,0.1951561874,0.1397542486
RF,0.89375,0.8318375673,idealista__java_role,0.9348958333,0.9166666667,0.90625,0.96875,0.1663408273,0.2808551138,0.1102088748,0.1767766953,0.1951561874,0.0826797285
CART,0.9354166667,0.8846687836,idealista__java_role,0.9583333333,0.9479166667,0.9375,0.9375,0.1445629188,0.2674468357,0.0988211769,0.1409140548,0.1653594569,0.1397542486
SVM,0.7506140822,0.6885985962,dockpack__ansible-consul,0.824227719,0.7625657258,0.8372961513,0.8890005004,0.1966786289,0.2234656474,0.1429117203,0.2538426491,0.2189613701,0.1521241458
NB,0.5102793706,0.4316440912,dockpack__ansible-consul,0.6978609645,0.7122071992,0.5260437052,0.8153153347,0.2308845671,0.2552414845,0.1729214147,0.285820955,0.3252861848,0.1067541978
LR,0.7939137917,0.7286195416,dockpack__ansible-consul,0.8416088018,0.7764459665,0.8701484018,0.926733104,0.2030203798,0.2436886334,0.1612347309,0.2554841806,0.1617449668,0.1025269454
RF,0.8819461003,0.8450075509,dockpack__ansible-consul,0.9143598575,0.9056153512,0.8897341813,0.9751286425,0.1265865646,0.1592136239,0.0942254889,0.1662118865,0.1334140578,0.0470876736
CART,0.8699232878,0.8291084889,dockpack__ansible-consul,0.9017143549,0.883838878,0.8867661448,0.941196651,0.1343973832,0.1633724082,0.1063040088,0.1764098077,0.1343048104,0.0768567678
SVM,0.0823407619,0.1514432482,redhat-cop__infra-ansible,0.4604808673,0.0437502979,0.8747165533,0.8536583138,0.0327068627,0.0433634089,0.0722245002,0.0180451221,0.1531378409,0.1131721185
NB,0.0469576949,0.0552395244,redhat-cop__infra-ansible,0.4518393921,0.0267157897,0.8747165533,0.586739042,0.0633669585,0.0719031296,0.0809844851,0.0418062329,0.1794367688,0.0888422103
LR,0.0797432386,0.1365837528,redhat-cop__infra-ansible,0.4261939645,0.0426946429,0.8071428571,0.7508944315,0.0431134693,0.0680141591,0.1280408317,0.0242961512,0.2510925269,0.2260485
RF,0.5892690643,0.6055658119,redhat-cop__infra-ansible,0.6686728288,0.587244898,0.6734693878,0.9594841555,0.2740818403,0.2764532051,0.2249384861,0.3233234737,0.3304575378,0.0711248218
CART,0.5601880146,0.5840777343,redhat-cop__infra-ansible,0.6295568881,0.4534715285,0.802154195,0.8949638491,0.1730283104,0.1606211419,0.1472093326,0.1737101696,0.1918990761,0.0982768793
SVM,0.2098147024,0.2142692668,pulp__ansible-pulp,0.5600575328,0.1201150656,1.0,0.9022313636,0.0913713349,0.1212762226,0.0285559785,0.057111957,0.0,0.0896385734
NB,0.4243867244,0.4169634014,pulp__ansible-pulp,0.5253568271,0.3761904762,0.6476190476,0.8557510062,0.1586354171,0.154655175,0.1367500893,0.2084727425,0.2376185705,0.0890358436
LR,0.3833499833,0.3844018088,pulp__ansible-pulp,0.516825457,0.3326530612,0.6738095238,0.8289160134,0.1235413553,0.1152611344,0.0926829771,0.1871744392,0.238689734,0.1320085546
RF,0.5436817151,0.5435344103,pulp__ansible-pulp,0.6007617383,0.5488095238,0.6285714286,0.9603207396,0.3426328257,0.3510354014,0.3278850315,0.2968227442,0.4333071682,0.0619992602
CART,0.5971055089,0.605850575,pulp__ansible-pulp,0.7104016673,0.4982758621,0.9142857143,0.8999791381,0.2185372668,0.2280522252,0.1371316737,0.2554845426,0.1456862718,0.1269240619
SVM,0.1892677257,0.2144331836,openstack__tripleo-quickstart-extras,0.5195710404,0.1172670807,0.9166666667,0.7488425926,0.1555598605,0.1447399784,0.0109996118,0.1001242236,0.0833333333,0.043287037
NB,0.1127314815,0.1452668914,openstack__tripleo-quickstart-extras,0.5108909897,0.0608444794,0.9583333333,0.8155092593,0.0502314815,0.0032764329,0.0052380426,0.0285864149,0.0416666667,0.0115740741
LR,0.1207469431,0.1430049547,openstack__tripleo-quickstart-extras,0.4947066892,0.0675383785,0.9166666667,0.83125,0.0812732589,0.0542023306,0.0153604249,0.0474041503,0.0833333333,0.0256944444
RF,0.1563396443,0.2014643957,openstack__tripleo-quickstart-extras,0.5252987053,0.0896599107,0.9583333333,0.8146990741,0.1087205967,0.0910328696,0.0131035834,0.0652696668,0.0416666667,0.0216435185
CART,0.1375268817,0.176142033,openstack__tripleo-quickstart-extras,0.4995336563,0.0771923126,0.9166666667,0.7618055556,0.0775268817,0.0389763194,0.0159302612,0.0462644775,0.0833333333,0.0423611111
SVM,0.9298245614,0.918394197,caktus__tequila-django,0.9578947368,0.9473684211,0.9473684211,1.0,0.1358941525,0.158028958,0.0847025102,0.1534461025,0.1534461025,0.0
NB,0.850877193,0.8346177912,caktus__tequila-django,0.9192982456,0.8596491228,0.8947368421,0.9342105263,0.258734758,0.274486734,0.1292424122,0.287473151,0.2605130246,0.1305883766
LR,0.9298245614,0.918394197,caktus__tequila-django,0.9631578947,0.9736842105,0.9210526316,1.0,0.1358941525,0.158028958,0.0740591962,0.1116484391,0.1823211376,0.0
RF,0.9473684211,0.9387956477,caktus__tequila-django,0.9710526316,0.9736842105,0.9473684211,1.0,0.1215474251,0.141345397,0.0694258208,0.1116484391,0.1534461025,0.0
CART,0.9298245614,0.918394197,caktus__tequila-django,0.9631578947,0.9736842105,0.9210526316,0.9539473684,0.1358941525,0.158028958,0.0740591962,0.1116484391,0.1823211376,0.0925739953
SVM,0.6065843621,0.5815958489,ANXS__postgresql,0.7589449645,0.6913580247,0.5765432099,0.871279779,0.338765872,0.3544731238,0.1808462492,0.3867765481,0.3537936455,0.1802417833
NB,0.4273558746,0.361048608,ANXS__postgresql,0.5341073536,0.4308294586,0.5925925926,0.8029702422,0.2550573995,0.2765136193,0.2663272551,0.3364729241,0.3609923831,0.1077783041
LR,0.7382716049,0.7108298149,ANXS__postgresql,0.7842886537,0.699382716,0.8518518519,0.9343731115,0.2726479663,0.3058434759,0.2520004846,0.3082033921,0.2986021388,0.1642064924
RF,0.7968599786,0.7662983409,ANXS__postgresql,0.8536731787,0.7697530864,0.8888888889,0.9845136345,0.2768318553,0.3226383919,0.2062813118,0.3144672494,0.2832788619,0.050208107
CART,0.7948317599,0.7633043495,ANXS__postgresql,0.8549235744,0.7216049383,0.9444444444,0.9214221992,0.2383129925,0.2830282071,0.1488155107,0.2834899645,0.2078698548,0.1355007987
SVM,0.6346666667,0.6103271311,dj-wasabi__ansible-zabbix-agent,0.7947157287,0.7,0.6466666667,0.8805079365,0.33710928,0.3484228756,0.170217406,0.3741657387,0.3780652501,0.1817872803
NB,0.6562539683,0.6037615154,dj-wasabi__ansible-zabbix-agent,0.7895165945,0.6963492063,0.74,0.8569206349,0.2903500741,0.319598946,0.164619034,0.3509249198,0.3234535859,0.1919948087
LR,0.7091428571,0.6648498509,dj-wasabi__ansible-zabbix-agent,0.7804922855,0.706,0.8133333333,0.9288888889,0.2617226033,0.303566226,0.2382410806,0.3204469101,0.3066666667,0.1016408589
RF,0.8876190476,0.878566621,dj-wasabi__ansible-zabbix-agent,0.9264285714,0.91,0.92,0.9877777778,0.1540857022,0.1643459196,0.1015592719,0.1854723699,0.1833030278,0.0369183283
CART,0.760952381,0.7261745869,dj-wasabi__ansible-zabbix-agent,0.839968254,0.74,0.9133333333,0.8848888889,0.2058729547,0.234540175,0.1359985198,0.288020061,0.1833030278,0.1141097587
SVM,0.9674796748,0.9683898715,fgci-org__fgci-ansible,0.9756097561,0.9512195122,1.0,0.9977827051,0.0989067078,0.0961433643,0.0741800309,0.1483600617,0.0,0.0140234043
NB,0.9593495935,0.9606187774,fgci-org__fgci-ansible,0.9695121951,0.9390243902,1.0,0.9960405448,0.1090764867,0.1056780585,0.081807365,0.1636147301,0.0,0.0121379099
LR,0.9756097561,0.9761609655,fgci-org__fgci-ansible,0.9817073171,0.9634146341,1.0,0.9977827051,0.0868055142,0.0848437454,0.0651041357,0.1302082714,0.0,0.0140234043
RF,0.9837398374,0.9841073104,fgci-org__fgci-ansible,0.987804878,0.9756097561,1.0,0.9977827051,0.0718029339,0.0701802172,0.0538522004,0.1077044008,0.0,0.0140234043
CART,0.9837398374,0.9841073104,fgci-org__fgci-ansible,0.987804878,0.9756097561,1.0,0.9977827051,0.0718029339,0.0701802172,0.0538522004,0.1077044008,0.0,0.0097913092
SVM,0.4355555556,0.4238647909,openstack__openstack-ansible-rabbitmq_server,0.5825825543,0.4074074074,0.5333333333,0.7188023088,0.4533769042,0.4721258088,0.3818184082,0.4488974452,0.4988876516,0.3667041697
NB,0.2788245088,0.2956099827,openstack__openstack-ansible-rabbitmq_server,0.4958504298,0.1794227994,0.7333333333,0.7904263789,0.2064682834,0.2506273603,0.2425972618,0.1465707035,0.4422166387,0.2455221127
LR,0.321993747,0.3695400778,openstack__openstack-ansible-rabbitmq_server,0.6020117845,0.204023569,1.0,0.958498519,0.1588851967,0.1539540389,0.0644299508,0.1288599015,0.0,0.0509914426
RF,0.7866666667,0.7875982379,openstack__openstack-ansible-rabbitmq_server,0.8435127674,0.7777777778,0.8333333333,0.9819047619,0.335724755,0.3422169788,0.260417896,0.3531166352,0.3496029494,0.0304854897
CART,0.8111111111,0.8142190094,openstack__openstack-ansible-rabbitmq_server,0.8474810214,0.7888888889,0.9,0.9364912281,0.2779999112,0.2870093351,0.2522870586,0.318948891,0.2708012802,0.1439952827
SVM,0.793452381,0.750289138,HanXHX__ansible-debian-bootstrap,0.8262674825,0.8229166667,0.7760416667,0.9472214707,0.327166055,0.3880057435,0.2925459166,0.3408972536,0.3263842715,0.1014507865
NB,0.5357142857,0.4056282611,HanXHX__ansible-debian-bootstrap,0.6472725191,0.5609713203,0.65625,0.8061342593,0.199426971,0.2946406565,0.2049847587,0.2983805068,0.3144039223,0.1681499437
LR,0.7625,0.695205305,HanXHX__ansible-debian-bootstrap,0.8314758159,0.6998106061,0.8802083333,0.9179292929,0.2511530947,0.3133310172,0.1427841825,0.257434718,0.2825490831,0.1446593578
RF,0.8518353175,0.8177287729,HanXHX__ansible-debian-bootstrap,0.8716746795,0.8583333333,0.859375,0.9629930255,0.250777752,0.291971872,0.2369305497,0.262334604,0.2597387008,0.1088260972
CART,0.8291666667,0.7999663427,HanXHX__ansible-debian-bootstrap,0.8906614219,0.84375,0.84375,0.8975694444,0.2486806171,0.2652174746,0.1365265621,0.2777560755,0.2583249327,0.1322980459
SVM,0.6617724868,0.6304181754,openstack__openstack-ansible-os_nova,0.7069565337,0.6632553606,0.7185185185,0.8758882145,0.2081547063,0.2134746488,0.170013873,0.2524531481,0.1668414721,0.0835265894
NB,0.3784872853,0.3388422815,openstack__openstack-ansible-os_nova,0.5983810268,0.2766559614,0.9083333333,0.7737427489,0.165148612,0.1585860527,0.1015592779,0.2124481205,0.1574536969,0.1017841345
LR,0.5426265093,0.5149944839,openstack__openstack-ansible-os_nova,0.6513899435,0.4122134039,0.8777777778,0.8989310114,0.1885251548,0.1905153863,0.1482011876,0.1854798089,0.1701488092,0.0800674338
RF,0.7658289242,0.7499170738,openstack__openstack-ansible-os_nova,0.7975511803,0.825,0.7416666667,0.9550909776,0.1601454698,0.1715614588,0.152353908,0.1935893898,0.1899683209,0.0435293065
CART,0.7135361552,0.6947944759,openstack__openstack-ansible-os_nova,0.7671140622,0.7092592593,0.7972222222,0.8699831642,0.1951826093,0.2081309357,0.1610049719,0.2494575734,0.2151119433,0.1099357882
SVM,0.8463924964,0.8082493911,nusenu__ansible-relayor,0.8756410256,0.7961538462,0.9423076923,0.9434440559,0.203316729,0.2272981492,0.1583320357,0.236530644,0.1439098995,0.1011301305
NB,0.7710622711,0.7090220018,nusenu__ansible-relayor,0.8393984221,0.7166666667,0.9384615385,0.9229215229,0.197656585,0.22066536,0.1240328527,0.2562050461,0.1443204849,0.0775686796
LR,0.8390664891,0.7987342352,nusenu__ansible-relayor,0.8798816568,0.7820512821,0.9653846154,0.9179988992,0.1871962414,0.1931180999,0.11814005,0.229218436,0.0817703524,0.098523376
RF,0.8711788212,0.8407502743,nusenu__ansible-relayor,0.8942307692,0.8333333333,0.9423076923,0.9870548433,0.1948773657,0.2263125188,0.1598070623,0.2334248905,0.1439098995,0.0279694924
CART,0.9136419136,0.8966922007,nusenu__ansible-relayor,0.9362919132,0.8948717949,0.9653846154,0.9618881119,0.1172229494,0.1267189998,0.0876674253,0.1806191412,0.0817703524,0.0452522056
SVM,0.8133333333,0.8266470948,savoirfairelinux__ansible-nexus3-oss,0.8612745098,0.7666666667,0.95,0.9484737679,0.1571976816,0.1452951864,0.1157537606,0.2380476143,0.15,0.1176886544
NB,0.4733333333,0.4822229463,savoirfairelinux__ansible-nexus3-oss,0.5771402157,0.5736111111,0.55,0.9320228317,0.3258493176,0.3427552455,0.3235786851,0.4458333333,0.35,0.1052770478
LR,0.8,0.8158880294,savoirfairelinux__ansible-nexus3-oss,0.8542569659,0.8,0.9,0.9355325914,0.1632993162,0.1503883897,0.1193075993,0.2449489743,0.2,0.1464104859
RF,0.8666666667,0.8765619202,savoirfairelinux__ansible-nexus3-oss,0.9042569659,0.9,0.9,0.9965277778,0.1632993162,0.1512293649,0.1175100279,0.2,0.2,0.0104166667
CART,0.8,0.8080966005,savoirfairelinux__ansible-nexus3-oss,0.8821981424,0.8,0.85,0.9207074722,0.3055050463,0.3022184723,0.1539344291,0.331662479,0.3201562119,0.158327072
SVM,0.7043173711,0.7003911735,redhat-openstack__infrared,0.7470715804,0.6223773247,0.8614641959,0.9261785271,0.2355058209,0.248536407,0.2036597915,0.2589233037,0.2028083647,0.1138460024
NB,0.1365302155,0.1216464155,redhat-openstack__infrared,0.5269918941,0.0757332468,0.9751048869,0.7988417675,0.0705119763,0.0839047343,0.0371252167,0.042765137,0.0904027247,0.1561623535
LR,0.3118251302,0.3414116391,redhat-openstack__infrared,0.5276896282,0.2024990538,0.8408340635,0.8915932213,0.1186613327,0.1098951743,0.0927761603,0.0940341792,0.172876036,0.0961562903
RF,0.8374489757,0.8326477931,redhat-openstack__infrared,0.8563063641,0.8513137436,0.8485061279,0.9702939425,0.2287659774,0.2372355172,0.1955897948,0.205655889,0.2448618955,0.082566006
CART,0.8382494177,0.8311546323,redhat-openstack__infrared,0.8542369851,0.809072398,0.890529097,0.9373825222,0.1958356591,0.2133418792,0.176803155,0.2037671087,0.2014663124,0.1111575023
SVM,0.8263347763,0.8349595036,tenforwardconsulting__subspace,0.8759352128,0.9,0.8106060606,0.9859351785,0.2364400907,0.2318263202,0.1614450329,0.2395281557,0.2731478239,0.0406088198
NB,0.1660837319,0.2263866054,tenforwardconsulting__subspace,0.5376764144,0.0920952052,0.9823232323,0.8402073834,0.0613817212,0.0459592763,0.0371047941,0.0381205915,0.0703453953,0.0523448301
LR,0.5827515918,0.6130490649,tenforwardconsulting__subspace,0.6892815799,0.4835497835,0.8888888889,0.9350825562,0.1915533718,0.1760406514,0.1466431451,0.2556738567,0.1736742309,0.0783121512
RF,0.9357383357,0.9379045968,tenforwardconsulting__subspace,0.9463345527,0.9333333333,0.9570707071,0.9950012173,0.1221069909,0.1181492188,0.1028071786,0.1483920551,0.1198364699,0.0200329873
CART,0.9334776335,0.9369228558,tenforwardconsulting__subspace,0.9477132429,0.9545454545,0.9368686869,0.9673876606,0.1240007672,0.1158914004,0.0942308274,0.1249425947,0.1479806598,0.0741818364
SVM,0.6892663661,0.6752434869,rocknsm__rock,0.7749153942,0.7332399627,0.7617647059,0.9111577502,0.2154113682,0.214460021,0.1654723648,0.2714378377,0.2517594755,0.1323132919
NB,0.460200747,0.4365625655,rocknsm__rock,0.6399001916,0.6032967033,0.5166666667,0.8191491937,0.2137866272,0.219240658,0.1802804563,0.3820477068,0.250081686,0.179664622
LR,0.6582879668,0.6513084733,rocknsm__rock,0.7702176742,0.6428571429,0.7901960784,0.91709615,0.2965873678,0.2982164318,0.1847760941,0.3313600388,0.3026737509,0.1155089631
RF,0.7690009337,0.769396995,rocknsm__rock,0.8467787267,0.8658263305,0.7848039216,0.927705591,0.2355966739,0.2250648555,0.158744969,0.2399270447,0.2700798008,0.0874583026
CART,0.6943128767,0.6895767474,rocknsm__rock,0.8006302673,0.7513071895,0.7338235294,0.8533176791,0.3149015066,0.3148230111,0.2095125636,0.3502957015,0.3210032093,0.1598714564
SVM,0.7789711239,0.7630042693,openfun__arnold,0.8331269507,0.6922871573,0.9684848485,0.9511116212,0.2087804249,0.2242610872,0.1420863064,0.2550940928,0.0964350793,0.0927234074
NB,0.3714514093,0.3440657601,openfun__arnold,0.6151545417,0.262670325,0.9215151515,0.8443943924,0.1401994058,0.1446051876,0.0613351067,0.1844319681,0.2183887907,0.0781288651
LR,0.7398637645,0.7168586211,openfun__arnold,0.7962695858,0.6392679543,0.9457575758,0.9406010726,0.1963211936,0.226531238,0.1482379776,0.2359106122,0.1325819046,0.0888326714
RF,0.9143329398,0.9117253433,openfun__arnold,0.9346285602,0.9243939394,0.9351515152,0.990387022,0.1553373047,0.1577143295,0.1173605306,0.1714234416,0.1549738566,0.0313956058
CART,0.8996143251,0.8970909827,openfun__arnold,0.9309137195,0.9013636364,0.9306060606,0.9574513629,0.194740631,0.1976008975,0.1190647906,0.2140268299,0.189490642,0.0981763182
NB,0.055816604,0.0465836542,OpenConext__OpenConext-deploy,0.4986125858,0.0296565806,0.9669284468,0.5905686922,0.057034546,0.058287062,0.0793388667,0.0314184155,0.1537250899,0.1214355945
LR,0.5332456955,0.5502060693,OpenConext__OpenConext-deploy,0.6513753949,0.66793817,0.500398903,0.8909369258,0.3028704675,0.3067324718,0.2311252344,0.3726831541,0.3349011567,0.0930189146
RF,0.8711334913,0.8760587857,OpenConext__OpenConext-deploy,0.8990982181,0.9104961356,0.8669658439,0.9882212676,0.2085230875,0.2009887471,0.157364476,0.2184578297,0.2180247344,0.0524787925
CART,0.8088104449,0.8217205636,OpenConext__OpenConext-deploy,0.853033598,0.7475662214,0.9520817751,0.9723637393,0.2287616195,0.2115717418,0.1711957572,0.2760426718,0.1535361759,0.0801776035
SVM,0.787037037,0.7769209278,lae__ansible-role-proxmox,0.8560096154,0.787037037,0.8333333333,0.9275793651,0.3113369991,0.3235662816,0.2299807245,0.3415901249,0.3191423693,0.2051438583
NB,0.7576719577,0.7376769415,lae__ansible-role-proxmox,0.8391687017,0.825,0.8055555556,0.9171326359,0.2099375958,0.2169970976,0.1507131328,0.2950334779,0.2022252747,0.0846391408
LR,0.8203703704,0.8192459189,lae__ansible-role-proxmox,0.8775997151,0.7824074074,0.962962963,0.9775462963,0.2108591739,0.201518079,0.1399183531,0.2901932212,0.1047565602,0.0693490858
RF,0.8981481481,0.8932627349,lae__ansible-role-proxmox,0.9283475783,0.8981481481,0.9444444444,0.9925925926,0.144218722,0.1440883876,0.1008953352,0.2013755849,0.1242259987,0.0305415232
CART,0.8722222222,0.8628379385,lae__ansible-role-proxmox,0.9076923077,0.8425925926,0.962962963,0.9564738502,0.1580162517,0.1660044345,0.1132454443,0.2322210408,0.1047565602,0.0647217269
SVM,0.7469387755,0.7439989305,redhat-cop__openshift-applier,0.8459220645,0.7202380952,0.8095238095,0.9420212529,0.3313588613,0.3314938506,0.1623664249,0.3473355824,0.3499271061,0.10884151
NB,0.1999242821,0.1297985108,redhat-cop__openshift-applier,0.5159945108,0.1189751204,0.8214285714,0.7086568944,0.109193632,0.1469102049,0.0788252904,0.0741603974,0.2849692668,0.1636558943
LR,0.7860544218,0.7794400421,redhat-cop__openshift-applier,0.8491311742,0.7857142857,0.8214285714,0.9270796038,0.2796780988,0.2869729523,0.1769382991,0.3113499245,0.2849692668,0.1353553548
RF,0.9238095238,0.9263239507,redhat-cop__openshift-applier,0.9454303461,0.9642857143,0.9166666667,0.9858276644,0.1256276758,0.1198361887,0.0901306557,0.1287696884,0.1636634177,0.038436043
CART,0.8639455782,0.8639208675,redhat-cop__openshift-applier,0.8931344277,0.8392857143,0.9404761905,0.9589029392,0.1667707574,0.1703600248,0.1335454047,0.2237493587,0.1491662391,0.0805828472
SVM,0.4878787879,0.4590749906,infOpen__ansible-role-jenkins,0.6947346845,0.5,0.5303030303,0.9144928304,0.3607715434,0.366930587,0.1897922606,0.3827069982,0.4071220861,0.1009990928
NB,0.2870826144,0.204351362,infOpen__ansible-role-jenkins,0.5941123901,0.1861111111,0.6666666667,0.7084940312,0.1953995749,0.1633168969,0.0714929899,0.131174655,0.4264014327,0.1514301458
LR,0.6325184619,0.5828345636,infOpen__ansible-role-jenkins,0.7680284993,0.6164502165,0.7803030303,0.8976407431,0.2998653218,0.3484477946,0.1612395,0.333063364,0.3376103024,0.1655976151
RF,0.6909090909,0.6765184376,infOpen__ansible-role-jenkins,0.8226821789,0.6515151515,0.7575757576,0.9320296496,0.3519328761,0.3533409816,0.1494223928,0.3514367729,0.3784847272,0.1152922635
CART,0.6476190476,0.64136593,infOpen__ansible-role-jenkins,0.807711039,0.6439393939,0.7272727273,0.8423368298,0.3497562246,0.3466282567,0.1427635682,0.3625298822,0.3974205166,0.1889729419
SVM,0.6523809524,0.6439086904,openstack__openstack-ansible-os_neutron,0.7748945605,0.7156862745,0.6617647059,0.7991830065,0.3098102532,0.3173259592,0.1825712375,0.3649904014,0.331453755,0.2538050388
NB,0.4885493591,0.4197020368,openstack__openstack-ansible-os_neutron,0.6664004482,0.386452326,0.8676470588,0.8004146757,0.2316850624,0.3035904909,0.1382175232,0.2655761637,0.2727534852,0.1753044724
LR,0.6284313725,0.5971485321,openstack__openstack-ansible-os_neutron,0.706007594,0.6754901961,0.6852941176,0.7955357143,0.2668947486,0.3073785982,0.2420381641,0.342430645,0.2959355583,0.25522521
RF,0.7415966387,0.7330141269,openstack__openstack-ansible-os_neutron,0.8271766498,0.7843137255,0.7705882353,0.9539361578,0.2680114621,0.2729823431,0.1612377862,0.2901695801,0.3106249978,0.0703132448
CART,0.7284780579,0.6993255402,openstack__openstack-ansible-os_neutron,0.7771797574,0.6656862745,0.8656862745,0.8927054155,0.2014335641,0.2309305023,0.1765248396,0.2518215072,0.1965777955,0.1154847186
SVM,0.9088888889,0.874120488,CSCfi__ansible-role-cuda,0.9277777778,0.8777777778,0.9666666667,0.9833333333,0.1607697533,0.2262546138,0.12862041,0.206080411,0.1247219129,0.0623609564
NB,0.8111111111,0.7575256117,CSCfi__ansible-role-cuda,0.8777777778,0.7555555556,0.9,0.8888888889,0.2615244955,0.2930480675,0.1321708584,0.2779999112,0.2708012802,0.1440700276
LR,0.8866666667,0.8693626743,CSCfi__ansible-role-cuda,0.9444444444,0.8666666667,0.9333333333,0.9138888889,0.270472837,0.2914605999,0.1165343165,0.2931312435,0.2494438258,0.1890930269
RF,0.8888888889,0.8806537201,CSCfi__ansible-role-cuda,0.95,0.9,0.9,0.9833333333,0.2629368792,0.270809738,0.104527154,0.2708012802,0.2708012802,0.0623609564
CART,0.9644444444,0.9522971367,CSCfi__ansible-role-cuda,0.9722222222,0.9444444444,1.0,0.9805555556,0.0938609426,0.1239047443,0.0724355823,0.1448711646,0.0,0.0501540836
SVM,0.7582972583,0.6582269018,florianutz__Ubuntu1804-CIS,0.8388636364,0.775,0.83,0.8728571429,0.120220078,0.1642549625,0.089634243,0.2291287847,0.153622915,0.1319967017
NB,0.6507936508,0.5548168507,florianutz__Ubuntu1804-CIS,0.776969697,0.76,0.6666666667,0.7241666667,0.212958855,0.2235794846,0.1322594495,0.2244994432,0.2633122354,0.1912386525
LR,0.7422799423,0.6325804743,florianutz__Ubuntu1804-CIS,0.8204545455,0.7766666667,0.7733333333,0.8066666667,0.1181697485,0.1542862442,0.0678645818,0.1227463509,0.225487127,0.1661993448
RF,0.7992063492,0.7301264877,florianutz__Ubuntu1804-CIS,0.8713636364,0.83,0.84,0.96,0.0610956484,0.0728571834,0.0365789083,0.153622915,0.1959591794,0.0374165739
CART,0.7650793651,0.7245505357,florianutz__Ubuntu1804-CIS,0.8754545455,0.86,0.8,0.8607142857,0.2163393656,0.1892412098,0.0534240791,0.115758369,0.3098386677,0.1310816462
SVM,0.9057971014,0.9029125713,ansible-community__molecule,0.9311594203,0.8623188406,1.0,0.9829192547,0.1617095189,0.1668242313,0.1169566115,0.2339132231,0.0,0.0575582391
NB,0.7710144928,0.75665152,ansible-community__molecule,0.8394927536,0.6789855072,1.0,0.9305555556,0.2185380383,0.2405381977,0.1463777084,0.2927554168,0.0,0.0986579043
LR,0.8434782609,0.8391149674,ansible-community__molecule,0.9125,0.8152173913,0.9130434783,1.0,0.3043064154,0.3078946491,0.1540662619,0.3314771887,0.2817713347,0.0
RF,0.9565217391,0.9536388162,ansible-community__molecule,0.9673913043,0.9347826087,1.0,1.0,0.1122603868,0.1199991054,0.0841952901,0.1683905803,0.0,0.0
CART,0.9565217391,0.9518005017,ansible-community__molecule,0.9673913043,0.9347826087,1.0,0.9867149758,0.1122603868,0.1247933876,0.0841952901,0.1683905803,0.0,0.0362821712
NB,0.1597389368,0.0914635093,PGBlitz__PGBlitz.com,0.538632942,0.095444404,0.9810779586,0.6343051232,0.1491485251,0.0586605457,0.0731028174,0.1059367566,0.0955831654,0.1137009804
LR,0.3680786456,0.4003912126,PGBlitz__PGBlitz.com,0.5960376877,0.6908227848,0.2691983122,0.8350586507,0.2668619969,0.2785828177,0.2287312693,0.448060155,0.2252376243,0.1138654007
CART,0.725082219,0.733966808,PGBlitz__PGBlitz.com,0.8021017852,0.9013838658,0.6460920233,0.9418203097,0.2315819275,0.2186116452,0.1566520124,0.2350239454,0.2577206798,0.1019169758
SVM,0.6521702846,0.6391108398,wazuh__wazuh-ansible,0.7457046859,0.6757066463,0.7148926237,0.83740622,0.2337095952,0.2456143649,0.1446593241,0.2854688728,0.2879489755,0.189444094
NB,0.5166031271,0.4766355373,wazuh__wazuh-ansible,0.6060379121,0.4587380971,0.7166199813,0.8215421687,0.169609114,0.1399509001,0.0897438602,0.1983508797,0.138765844,0.0540034343
LR,0.6216287547,0.5894414515,wazuh__wazuh-ansible,0.6816724339,0.5716302404,0.7567693744,0.8772351644,0.1701826604,0.1905090581,0.1431367431,0.1520963261,0.2597723389,0.1267174248
RF,0.815890338,0.8080269423,wazuh__wazuh-ansible,0.8524571217,0.8031830914,0.8837068161,0.9774820997,0.1241352789,0.1222414302,0.0914136845,0.1861469754,0.1486276492,0.0329109652
CART,0.7547399928,0.7457466362,wazuh__wazuh-ansible,0.8047225245,0.7281470164,0.8595238095,0.9088734538,0.1671880568,0.1621600045,0.1178206457,0.1903027997,0.2037264186,0.0986363187
SVM,0.5046444894,0.4785858884,roots__trellis,0.6491243902,0.5926956641,0.494047619,0.8233581702,0.3523683439,0.3719710625,0.2694609303,0.397871264,0.376712517,0.1484462102
NB,0.2079003527,0.1200947648,roots__trellis,0.5393211723,0.1555281858,0.8530612245,0.6255778672,0.17912204,0.1621736606,0.0942827903,0.2125596857,0.2673310711,0.0994247085
LR,0.2993204966,0.2589041657,roots__trellis,0.5034494399,0.240512876,0.723015873,0.8044914536,0.1532859806,0.1065192028,0.0833564832,0.1708989694,0.2395345761,0.1542592564
RF,0.6424970796,0.6175712095,roots__trellis,0.7144462602,0.7387932951,0.6361678005,0.8881408534,0.2631384798,0.2860475545,0.2279826501,0.2753372581,0.3008461047,0.1203299147
CART,0.5475370293,0.5199654182,roots__trellis,0.6751125248,0.5753046673,0.6787414966,0.7901753874,0.3093510152,0.3126595144,0.2171293764,0.3776106068,0.2802992826,0.1450398069
SVM,0.8440860215,0.8240933904,evrardjp__ansible-keepalived,0.9153225806,0.8387096774,0.8870967742,0.9637096774,0.2708525101,0.2924390903,0.1306877447,0.2947688207,0.275613024,0.1153254004
NB,0.6602150538,0.4991932717,evrardjp__ansible-keepalived,0.7709677419,0.5688172043,0.9032258065,0.8400537634,0.2411009918,0.3325927021,0.1513510092,0.2893492246,0.2348422545,0.1681842115
LR,0.8440860215,0.8240933904,evrardjp__ansible-keepalived,0.9153225806,0.8387096774,0.8870967742,0.9529569892,0.2708525101,0.2924390903,0.1306877447,0.2947688207,0.275613024,0.1264441379
RF,0.8634408602,0.8319387421,evrardjp__ansible-keepalived,0.9225806452,0.876344086,0.8924731183,0.9959677419,0.2221360684,0.2558312216,0.1191591198,0.2467267507,0.2377778966,0.022085587
CART,0.8849462366,0.8529972115,evrardjp__ansible-keepalived,0.9287634409,0.9139784946,0.9032258065,0.9255376344,0.1614980741,0.2094190313,0.1080297382,0.1789603976,0.1975394954,0.1104312069
SVM,0.4102536532,0.414320694,redhat-cop__casl-ansible,0.5206595568,0.4067857143,0.518452381,0.8522320473,0.2551921545,0.2673227055,0.2286822668,0.3078307864,0.3402237451,0.1350274197
NB,0.1378899722,0.1533410547,redhat-cop__casl-ansible,0.4918232924,0.1115565069,0.8160714286,0.6528351985,0.1491979423,0.1503419697,0.1325592051,0.2129811362,0.3216814481,0.1175959695
LR,0.1344205534,0.1703231729,redhat-cop__casl-ansible,0.4946388203,0.0755880856,0.9095238095,0.8732493874,0.0901494786,0.0925043879,0.0798779279,0.0574051529,0.1506505169,0.0813675514
RF,0.5772330447,0.591143163,redhat-cop__casl-ansible,0.6606046491,0.6648809524,0.5895833333,0.9213859395,0.290941074,0.2957539841,0.259864241,0.3482682091,0.3512685295,0.0983984414
CART,0.6422763348,0.6529352333,redhat-cop__casl-ansible,0.6946329536,0.6678571429,0.7089285714,0.8478997262,0.2020622695,0.1995158488,0.1876546827,0.2603552649,0.2557578164,0.1281396817
SVM,0.6349206349,0.6153390328,ansible__workshops,0.6628005687,0.5648148148,0.7428571429,0.8789611497,0.2223129067,0.2398840157,0.2113192598,0.2211587206,0.2367581504,0.0898915589
NB,0.2126022126,0.1955376653,ansible__workshops,0.4748642348,0.1256720912,0.8095238095,0.7659792903,0.0534538499,0.0490142708,0.0740684172,0.0358621126,0.1781741613,0.0420511669
LR,0.5122410546,0.4932685829,ansible__workshops,0.6281417932,0.5146520147,0.7238095238,0.9213102632,0.2573189807,0.2722948165,0.1702292015,0.3662362581,0.1051939144,0.0124282918
RF,0.7777777778,0.770092709,ansible__workshops,0.7976291861,0.7904761905,0.7904761905,0.9917306053,0.1571348403,0.1625697222,0.1431701522,0.1750931077,0.1750931077,0.0058706037
CART,0.764957265,0.7527428151,ansible__workshops,0.7810559006,0.7380952381,0.8095238095,0.8952563634,0.2250802407,0.243063239,0.2166172258,0.2048172683,0.2693740119,0.1405140142
SVM,0.7968859098,0.7829508788,oVirt__ovirt-ansible-hosted-engine-setup,0.8337461449,0.794947045,0.852688172,0.9410739054,0.1672919993,0.205801525,0.1378681725,0.2167866837,0.1811995461,0.1222443109
NB,0.3049785732,0.2978186368,oVirt__ovirt-ansible-hosted-engine-setup,0.5769746703,0.1938485096,0.9543010753,0.8694841983,0.1461579056,0.1338458353,0.0510099404,0.1104874238,0.0868574969,0.0923907469
LR,0.6378296435,0.6464668802,oVirt__ovirt-ansible-hosted-engine-setup,0.7365276301,0.5085253456,0.9586021505,0.9667328688,0.1578009244,0.1430915528,0.0868621049,0.1921011469,0.0779291756,0.0858242329
RF,0.9188986641,0.9190319286,oVirt__ovirt-ansible-hosted-engine-setup,0.9393743353,0.9279569892,0.9419354839,0.9912396239,0.1413320046,0.1312240357,0.0920411517,0.1341632169,0.1563397967,0.0243967504
CART,0.898675339,0.8926734509,oVirt__ovirt-ansible-hosted-engine-setup,0.9143654732,0.8835637481,0.935483871,0.9608981155,0.1666202412,0.1783230098,0.143568634,0.1878109957,0.1635045151,0.0878682688
SVM,0.9871794872,0.9807692308,cloudalchemy__ansible-blackbox-exporter,0.9903846154,0.9807692308,1.0,0.9807692308,0.0641025641,0.0961538462,0.0480769231,0.0961538462,0.0,0.0961538462
NB,0.9230769231,0.9230769231,cloudalchemy__ansible-blackbox-exporter,0.9743589744,0.9230769231,0.9230769231,0.9615384615,0.266469355,0.266469355,0.0888231183,0.266469355,0.266469355,0.1332346775
LR,1.0,1.0,cloudalchemy__ansible-blackbox-exporter,1.0,1.0,1.0,1.0,0.0,0.0,0.0,0.0,0.0,0.0
RF,1.0,1.0,cloudalchemy__ansible-blackbox-exporter,1.0,1.0,1.0,1.0,0.0,0.0,0.0,0.0,0.0,0.0
CART,1.0,1.0,cloudalchemy__ansible-blackbox-exporter,1.0,1.0,1.0,1.0,0.0,0.0,0.0,0.0,0.0,0.0
SVM,0.6033613445,0.6031525306,oravirt__ansible-oracle,0.6726118546,0.5944272446,0.7352941176,0.9113956636,0.3666458021,0.3902128095,0.3413696345,0.4085533971,0.3879678223,0.131003007
NB,0.2294209366,0.2283318731,oravirt__ansible-oracle,0.4508941101,0.1559677886,0.7352941176,0.7285999435,0.2517678969,0.2884739226,0.2634022386,0.1860174289,0.424182503,0.2915383298
LR,0.4912341407,0.4873703307,oravirt__ansible-oracle,0.5861371225,0.4450980392,0.6470588235,0.878603718,0.3467306444,0.3758691757,0.3171924065,0.3613593031,0.4117647059,0.2455066191
RF,0.8137254902,0.8163345705,oravirt__ansible-oracle,0.8425796995,0.8529411765,0.8235294118,0.9647864804,0.2674153274,0.2736453033,0.2510498096,0.2851576387,0.2941176471,0.0684899282
CART,0.5568627451,0.5746729397,oravirt__ansible-oracle,0.6815239069,0.5292397661,0.7647058824,0.8526858811,0.3547556843,0.3567944523,0.2848871362,0.3921746657,0.3879678223,0.1939324909
SVM,0.5606060606,0.5813628936,personium__ansible,0.7065883555,0.4545454545,0.7727272727,0.9907561378,0.2866801201,0.2954107407,0.1408490924,0.2571297386,0.3910147849,0.0113388888
NB,0.0386682572,0.0712663703,personium__ansible,0.5119369947,0.0199095479,0.7272727273,0.6485297997,0.0271342079,0.0454395816,0.0047398178,0.0140408019,0.4453617714,0.0927583704
LR,0.4712770563,0.5183325064,personium__ansible,0.6375551549,0.3639764997,0.9090909091,0.9832370099,0.2211451958,0.1995542669,0.1079613463,0.1877791013,0.192847304,0.0184942686
RF,0.5333333333,0.5509643916,personium__ansible,0.714614158,0.4696969697,0.6818181818,0.9667227,0.3315101656,0.3405637161,0.1317075636,0.3163729245,0.4406981689,0.0853576981
CART,0.5896103896,0.6268810374,personium__ansible,0.7303200545,0.5484848485,0.8181818182,0.9008752325,0.2534268794,0.2415145195,0.11019856,0.3069444185,0.3214121733,0.1565967772
SVM,0.7317948718,0.7193617519,ansible-ThoTeam__nexus3-oss,0.778743415,0.6673214286,0.8541666667,0.9852909311,0.2453787782,0.2644196538,0.1941219179,0.2532218625,0.2587026929,0.0251229794
NB,0.7172780546,0.7044715775,ansible-ThoTeam__nexus3-oss,0.7791993581,0.8122216387,0.7208333333,0.8896907746,0.1849135587,0.2163768518,0.1456777612,0.273333433,0.1811901242,0.1200563836
LR,0.7425,0.7360400027,ansible-ThoTeam__nexus3-oss,0.7783355718,0.8125,0.71875,0.9265695069,0.1786329656,0.183573097,0.1602759351,0.2039114051,0.2055543825,0.0937488168
RF,0.9361904762,0.9355510621,ansible-ThoTeam__nexus3-oss,0.9560355392,0.9375,0.9416666667,0.998443287,0.1746548264,0.1760372593,0.0981922586,0.1804219591,0.1808544535,0.0071444927
CART,0.9398809524,0.9395403649,ansible-ThoTeam__nexus3-oss,0.9498448787,0.92875,0.96875,0.9799148172,0.1115988092,0.1132744099,0.0951025221,0.152296654,0.0944418913,0.0497179117
SVM,0.8146031746,0.8215225572,CoffeeITWorks__ansible_burp2_server,0.8941666667,0.92,0.83,0.9928571429,0.2458840314,0.2241169272,0.1363628624,0.24,0.2501999201,0.0214285714
NB,0.7542857143,0.7472377,CoffeeITWorks__ansible_burp2_server,0.8468358396,0.8892857143,0.75,0.9303414787,0.224431254,0.1982281752,0.1189082185,0.2597339691,0.1936491673,0.1102759431
LR,0.7616161616,0.747928123,CoffeeITWorks__ansible_burp2_server,0.8569444444,0.7066666667,0.88,0.9713095238,0.3162180864,0.3065620624,0.1431741687,0.3241398875,0.2993325909,0.0582395991
RF,0.9079365079,0.9100045137,CoffeeITWorks__ansible_burp2_server,0.9427777778,0.92,0.955,0.9934035088,0.198101343,0.1807795858,0.1193035345,0.24,0.0906917857,0.0158515738
CART,0.9146031746,0.9161516898,CoffeeITWorks__ansible_burp2_server,0.9452777778,0.925,0.955,0.9696052632,0.1788372624,0.1634585967,0.1121414038,0.225,0.0906917857,0.0475597379
SVM,0.756,0.7547558525,stackbuilders__sb-debian-base,0.8561538462,0.7933333333,0.8,0.9560909091,0.2743428512,0.2727409634,0.1317747914,0.3101254227,0.3197221016,0.1081597953
NB,0.7466666667,0.737126159,stackbuilders__sb-debian-base,0.8355104895,0.82,0.7733333333,0.8949231602,0.240554914,0.255571441,0.1461225935,0.2864340141,0.2939387691,0.1944662116
LR,0.8026666667,0.7950278125,stackbuilders__sb-debian-base,0.8738951049,0.8133333333,0.8733333333,0.9718246753,0.2386852879,0.2440687319,0.1327914401,0.2761642024,0.2678307924,0.0816953324
RF,0.796,0.7901774911,stackbuilders__sb-debian-base,0.8722820513,0.82,0.8133333333,0.9711883117,0.3263699333,0.3330029342,0.2148553693,0.3330665599,0.3506185011,0.0528530168
CART,0.828,0.8248886669,stackbuilders__sb-debian-base,0.8964102564,0.88,0.84,0.9092532468,0.2312631978,0.2303170439,0.1173747181,0.2427618861,0.2768071932,0.1338767992
SVM,0.8757062147,0.8496630445,cloudalchemy__ansible-node-exporter,0.9456214689,0.9152542373,0.884180791,0.9481167608,0.2279715273,0.2549199845,0.0921386914,0.2241806201,0.2572017998,0.1411079235
NB,0.7880952381,0.5468090275,cloudalchemy__ansible-node-exporter,0.8478813559,0.7268361582,0.9406779661,0.8513888889,0.2525556372,0.5141884071,0.1848333169,0.3048264757,0.200664414,0.243149901
LR,0.8734463277,0.8184238837,cloudalchemy__ansible-node-exporter,0.9152542373,0.9011299435,0.8785310734,0.9233521657,0.239725177,0.3495405271,0.1907041204,0.247622678,0.2508563647,0.1774126124
RF,0.9423728814,0.9204685537,cloudalchemy__ansible-node-exporter,0.9661016949,0.9463276836,0.9661016949,0.9779896422,0.1246963179,0.1675327089,0.0784120954,0.1547754523,0.1139087297,0.0817104265
CART,0.9531073446,0.9345495917,cloudalchemy__ansible-node-exporter,0.9675141243,0.9519774011,0.9689265537,0.968220339,0.1574417232,0.2131887716,0.1217969556,0.1737230719,0.1486745465,0.1030202403
SVM,0.8445512821,0.8045434851,cloudalchemy__ansible-prometheus,0.8935897436,0.8128205128,0.9326923077,0.9478098291,0.2415388954,0.2950107826,0.1692398745,0.2888345167,0.2124833211,0.1196335421
NB,0.7645604396,0.6589272901,cloudalchemy__ansible-prometheus,0.8421474359,0.7067307692,0.8782051282,0.8443643162,0.2361687879,0.2703821241,0.1248226676,0.2632647512,0.2596747321,0.1555234565
LR,0.8602564103,0.8243331878,cloudalchemy__ansible-prometheus,0.9086538462,0.8493589744,0.9423076923,0.9535790598,0.1891318969,0.2308693358,0.1310090028,0.2558286673,0.1382298632,0.1168640685
RF,0.8974358974,0.8754580094,cloudalchemy__ansible-prometheus,0.9302884615,0.9038461538,0.9326923077,0.9892628205,0.1926919238,0.2384614688,0.148380042,0.2249077538,0.1885040507,0.0501423332
CART,0.8846153846,0.855881957,cloudalchemy__ansible-prometheus,0.9182692308,0.8974358974,0.9070512821,0.9318910256,0.2196015757,0.2829715768,0.1806922117,0.2427448234,0.2297654451,0.141399835
SVM,0.4104497354,0.4327951536,oVirt__ovirt-ansible-disaster-recovery,0.6370517343,0.6574074074,0.4444444444,0.852747669,0.1900075069,0.2002297411,0.0941669185,0.4014719146,0.2832788619,0.0804091016
NB,0.2704982261,0.205940486,oVirt__ovirt-ansible-disaster-recovery,0.4700883563,0.2097240378,0.6944444444,0.6894480417,0.1650370331,0.1690363808,0.1634441509,0.1722489297,0.3286710991,0.1387431305
LR,0.5703703704,0.587919061,oVirt__ovirt-ansible-disaster-recovery,0.6972369195,0.8888888889,0.4444444444,0.8610240223,0.261262105,0.2804691255,0.2478665586,0.3142696805,0.2576005138,0.1202284405
RF,0.662962963,0.6832005994,oVirt__ovirt-ansible-disaster-recovery,0.7759406232,0.9444444444,0.5555555556,0.9085648148,0.2087259675,0.1945092254,0.1437375494,0.1571348403,0.2576005138,0.129722499
CART,0.6212602213,0.6273625106,oVirt__ovirt-ansible-disaster-recovery,0.731510876,0.7049382716,0.7222222222,0.8297689862,0.26180679,0.2689330718,0.1944031656,0.3052854524,0.3215510251,0.1720312556
SVM,0.5318697176,0.5606999728,sensu__sensu-ansible,0.6445516612,0.4374716553,0.8452380952,0.8828443198,0.2466131856,0.2416598181,0.2252562326,0.2832993778,0.2849692668,0.2582105132
NB,0.3248329917,0.3615800946,sensu__sensu-ansible,0.5804337684,0.2850649351,0.869047619,0.85090478,0.280133435,0.2776026314,0.1996756341,0.3363849464,0.2829729601,0.1334657029
LR,0.6928571429,0.7054901885,sensu__sensu-ansible,0.7480947451,0.6785714286,0.8095238095,0.9654532967,0.256712603,0.259673898,0.2444086212,0.3178816648,0.2945075447,0.0855483617
RF,0.6714285714,0.6867028383,sensu__sensu-ansible,0.761822517,0.7023809524,0.7380952381,0.9882636582,0.3209255323,0.3222546545,0.2511994579,0.3789007253,0.3547539149,0.0175837
CART,0.7513605442,0.7780044778,sensu__sensu-ansible,0.831517588,0.7976190476,0.8571428571,0.9195436508,0.2294285133,0.1987283064,0.143473403,0.296665138,0.2344966143,0.1126584524
SVM,0.3021230475,0.2376635872,nginxinc__ansible-role-nginx,0.5410365424,0.2073031136,0.5729166667,0.6887303598,0.2010072495,0.1949094765,0.0948733748,0.1425053232,0.3570653438,0.1501170492
NB,0.1736312009,0.073157171,nginxinc__ansible-role-nginx,0.455331711,0.1009626645,0.6354166667,0.6068300443,0.1213516231,0.1043192944,0.1774016359,0.0715800173,0.3995168523,0.0878607619
LR,0.3635806258,0.2944952133,nginxinc__ansible-role-nginx,0.538964668,0.2860857213,0.6145833333,0.7616750679,0.2425768463,0.2528096551,0.1500161602,0.2209624373,0.2793143266,0.1510397468
RF,0.5708333333,0.5519201366,nginxinc__ansible-role-nginx,0.6644701366,0.5579861111,0.7366071429,0.9309852263,0.1759399361,0.1584606474,0.1291064379,0.1967200056,0.2808639326,0.0421728182
CART,0.5628918875,0.5285121567,nginxinc__ansible-role-nginx,0.6591846986,0.433016983,0.8675595238,0.8583548951,0.1412139216,0.1255773607,0.0876083059,0.1337542059,0.1168604895,0.070505786
SVM,0.9232089232,0.8861724252,UnderGreen__ansible-role-mongodb,0.9441441441,0.8984984985,0.9810810811,0.9554509055,0.1593365087,0.2018295105,0.1004219987,0.1905449776,0.0640432195,0.0923472403
NB,0.7227545728,0.6032193618,UnderGreen__ansible-role-mongodb,0.8314086814,0.8423423423,0.6882882883,0.8696400946,0.1458449701,0.2159187105,0.1265773222,0.2240962696,0.198563341,0.1267052012
LR,0.9202059202,0.8697921622,UnderGreen__ansible-role-mongodb,0.9400900901,0.887987988,0.9864864865,0.9547206297,0.1512242486,0.2322749017,0.1000490798,0.1918749728,0.0565310829,0.0910459775
RF,0.9447447447,0.9248474596,UnderGreen__ansible-role-mongodb,0.9596096096,0.9364864865,0.9720720721,0.9753367003,0.1232140018,0.1467222661,0.0893465942,0.1566751885,0.0817465186,0.0688320811
CART,0.933951484,0.9057369257,UnderGreen__ansible-role-mongodb,0.9502691003,0.924002574,0.9644144144,0.9536991537,0.1359585222,0.1737912311,0.1034039234,0.1572309515,0.1294572965,0.0882830285
SVM,0.7357142857,0.6495040667,caddy-ansible__caddy-ansible,0.8460034014,0.8714285714,0.7142857143,0.851984127,0.0619962694,0.0879562622,0.0615264427,0.2050385728,0.1934294858,0.1045346863
NB,0.612244898,0.3874834808,caddy-ansible__caddy-ansible,0.7375,0.5523809524,0.880952381,0.7135487528,0.1540219283,0.1352057262,0.0779511956,0.2442072649,0.1934294858,0.0799644118
LR,0.7142857143,0.4213699748,caddy-ansible__caddy-ansible,0.7834183673,0.6714285714,0.8571428571,0.8083333333,0.1398492872,0.3328884066,0.1167882664,0.2118913853,0.2258769757,0.1658777625
RF,0.7605442177,0.5367510966,caddy-ansible__caddy-ansible,0.8465136054,0.8214285714,0.8095238095,0.8686507937,0.1215842482,0.356776424,0.0842673775,0.220157643,0.2258769757,0.1200263996
CART,0.7659863946,0.6349516001,caddy-ansible__caddy-ansible,0.8567176871,0.8928571429,0.7142857143,0.8349206349,0.132539634,0.2819388706,0.097164152,0.1821078398,0.1934294858,0.1556324721
SVM,0.8547619048,0.8052381819,cloudalchemy__ansible-snmp-exporter,0.880952381,0.8333333333,0.8928571429,0.9285714286,0.2810431653,0.3765236271,0.2329807832,0.2954684201,0.2789374884,0.1684639488
NB,0.7547619048,0.7105152568,cloudalchemy__ansible-snmp-exporter,0.875,0.7261904762,0.8214285714,0.8607142857,0.3663650584,0.4125143268,0.1746595328,0.3863090652,0.3589241293,0.2036967033
LR,0.8642857143,0.8246570994,cloudalchemy__ansible-snmp-exporter,0.8928571429,0.8333333333,0.9285714286,0.9,0.2767338661,0.3564877635,0.2236701694,0.3021089891,0.2575393768,0.1679710859
RF,0.8904761905,0.8588096105,cloudalchemy__ansible-snmp-exporter,0.9107142857,0.869047619,0.9285714286,0.9464285714,0.2650033158,0.3458162952,0.2192707197,0.2829729601,0.2575393768,0.1931545326
CART,0.9285714286,0.9069438282,cloudalchemy__ansible-snmp-exporter,0.9464285714,0.9166666667,0.9642857143,0.9589285714,0.1749635531,0.230966988,0.1321643054,0.2065398997,0.1287696884,0.1059005357
SVM,0.9092198582,0.9048311155,dockpack__ansible-nomad,0.9584726444,0.9219858156,0.9078014184,0.9865248227,0.2507390615,0.2534943311,0.1027991515,0.2499434069,0.261403085,0.0503695912
NB,0.7588652482,0.7342809494,dockpack__ansible-nomad,0.8572568389,0.8843971631,0.7411347518,0.9056737589,0.2377209328,0.2671108471,0.1440590606,0.264606498,0.2746338862,0.1164144485
LR,0.9489361702,0.9412675765,dockpack__ansible-nomad,0.9690096251,0.965248227,0.9609929078,0.9606382979,0.1341906945,0.1553878153,0.0814304011,0.1417481946,0.1296146587,0.1436367205
RF,0.9744680851,0.9719542057,dockpack__ansible-nomad,0.9863855117,1.0,0.9609929078,0.9978723404,0.0853895997,0.0928154879,0.0456168847,0.0,0.1296146587,0.0144304893
CART,0.9730496454,0.9686609027,dockpack__ansible-nomad,0.9830927052,0.9858156028,0.9716312057,0.9822695035,0.0809629685,0.0922202052,0.0498394228,0.0672825034,0.1104426348,0.0568482962
SVM,0.8245098039,0.7805301042,Stouts__Stouts.openvpn,0.8628267974,0.7705882353,0.9411764706,0.9105042017,0.172080469,0.2249185392,0.1388623581,0.2306235801,0.1610948699,0.162958056
NB,0.8904761905,0.8532493797,Stouts__Stouts.openvpn,0.918627451,0.837254902,1.0,0.9388655462,0.1646496598,0.2202410322,0.1174180778,0.2348361556,0.0,0.1043464365
LR,0.7728291317,0.7319300125,Stouts__Stouts.openvpn,0.8387955182,0.7,0.9607843137,0.9794117647,0.1693364771,0.181913851,0.1061210683,0.2246275058,0.1568627451,0.0619744338
RF,0.8882352941,0.8730579583,Stouts__Stouts.openvpn,0.9199346405,0.862745098,0.9705882353,0.9901960784,0.1628749777,0.1792555343,0.1138878339,0.2231334642,0.1176470588,0.0392156863
CART,0.9274509804,0.9132878701,Stouts__Stouts.openvpn,0.9460784314,0.8921568627,1.0,0.9700280112,0.1438205555,0.1642245171,0.1028243969,0.2056487938,0.0,0.0557908379
SVM,0.578780284,0.5716999049,UtrechtUniversity__yoda-ansible,0.6845218955,0.6353276353,0.6888888889,0.8715522573,0.0404440843,0.064255296,0.0800219833,0.2579567167,0.245452467,0.0867329834
NB,0.4625745951,0.400529193,UtrechtUniversity__yoda-ansible,0.5389247723,0.3889483066,0.6444444444,0.8609977324,0.1027580052,0.0996686017,0.0939598719,0.1494913598,0.139664501,0.0324477203
LR,0.3157894737,0.3163629821,UtrechtUniversity__yoda-ansible,0.6364216645,0.2163461538,0.6666666667,0.6549165121,0.2578410256,0.2591037308,0.0668150009,0.1895231091,0.4714045208,0.3865105487
RF,0.4888888889,0.4775372385,UtrechtUniversity__yoda-ansible,0.7069067539,0.4074074074,0.6111111111,0.9531746032,0.3499559055,0.3435643903,0.1015302631,0.2916299213,0.4374448819,0.0447692215
CART,0.5233511586,0.5485237368,UtrechtUniversity__yoda-ansible,0.703913545,0.7070707071,0.6444444444,0.7949494949,0.2565081589,0.2056430343,0.0921207897,0.2245061694,0.3909469352,0.1789946302
SVM,0.7606481481,0.7152992943,cloudalchemy__ansible-grafana,0.8274320587,0.7538888889,0.8069444444,0.9020072751,0.3123924957,0.3430192666,0.2427138106,0.3304509638,0.3338508714,0.1625757179
NB,0.5589045214,0.4583171428,cloudalchemy__ansible-grafana,0.7104007335,0.574973545,0.7361111111,0.8487136243,0.255362151,0.3227405893,0.1861174355,0.334521698,0.3020633774,0.139465411
LR,0.7583465608,0.7149798471,cloudalchemy__ansible-grafana,0.8149621212,0.7138888889,0.8527777778,0.8984126984,0.3238586529,0.3787636849,0.2576807338,0.3400322243,0.3306722483,0.1972933904
RF,0.8753968254,0.854458127,cloudalchemy__ansible-grafana,0.9078808923,0.8902777778,0.8958333333,0.9705919312,0.241850023,0.2752108361,0.2085386096,0.2575218737,0.2512123382,0.090246194
CART,0.8539417989,0.8298392353,cloudalchemy__ansible-grafana,0.8908670034,0.85,0.9041666667,0.9277579365,0.2466604855,0.2778312883,0.2104951172,0.2741822859,0.2461861874,0.1340587438
SVM,0.7318027211,0.7365663137,lean-delivery__ansible-role-java,0.8109049989,0.7911124795,0.8125,0.9221763454,0.277369795,0.2937759426,0.2006711751,0.3286380315,0.2760486859,0.1405279353
NB,0.3509532733,0.3483769655,lean-delivery__ansible-role-java,0.612730757,0.284504571,0.8928571429,0.8902722126,0.3039985243,0.3126459709,0.1674046279,0.3111494735,0.2448448072,0.1256021708
LR,0.7143024053,0.7235498174,lean-delivery__ansible-role-java,0.7941459958,0.7012213976,0.8779761905,0.9422674753,0.2505524426,0.2488481748,0.1729652622,0.3217339877,0.1998041487,0.1272762714
RF,0.7845238095,0.797144194,lean-delivery__ansible-role-java,0.8572831356,0.8333333333,0.8273809524,0.993542069,0.2263376714,0.218778194,0.1294885429,0.2781743201,0.2690449852,0.0215719893
CART,0.7010204082,0.7165930065,lean-delivery__ansible-role-java,0.7917411124,0.7023809524,0.8273809524,0.8995246289,0.2401285867,0.2296618174,0.1495269383,0.3097526626,0.2690449852,0.1290436489
SVM,0.8031746032,0.7507966864,Oefenweb__ansible-wordpress,0.8482638889,0.7277777778,0.9583333333,0.9623015873,0.1936280236,0.2493273432,0.1477792626,0.2497529644,0.1381926996,0.0600341876
NB,0.7111111111,0.6619270621,Oefenweb__ansible-wordpress,0.796875,0.6805555556,0.875,0.8709656085,0.1945237933,0.2650821943,0.145864332,0.2842984651,0.2165063509,0.1390843846
LR,0.8253968254,0.78118627,Oefenweb__ansible-wordpress,0.8743055556,0.7486111111,1.0,0.9866071429,0.2000125972,0.249618086,0.1358894879,0.2717789759,0.0,0.0350571994
RF,0.9222222222,0.8923659766,Oefenweb__ansible-wordpress,0.9375,0.875,1.0,0.9563492063,0.114934227,0.1636000437,0.0908103947,0.1816207893,0.0,0.0810826061
CART,0.9087301587,0.8742660283,Oefenweb__ansible-wordpress,0.9333333333,0.8666666667,1.0,0.9429563492,0.1596698376,0.2270064484,0.1160699023,0.2321398046,0.0,0.1117151153
SVM,0.8854166667,0.8364034708,cloudalchemy__ansible-alertmanager,0.90625,0.875,0.90625,0.90625,0.2017178826,0.2952083741,0.1663408273,0.2165063509,0.1951561874,0.2000976324
NB,0.7544642857,0.6663004974,cloudalchemy__ansible-alertmanager,0.8197916667,0.7645833333,0.8125,0.896875,0.2239422653,0.3208093628,0.1757146865,0.270151385,0.2420614591,0.1070283987
LR,0.7979166667,0.7183676681,cloudalchemy__ansible-alertmanager,0.8385416667,0.7604166667,0.875,0.9203125,0.2218823356,0.3155517286,0.177923863,0.2497828918,0.2165063509,0.1065139185
RF,0.8854166667,0.8487293205,cloudalchemy__ansible-alertmanager,0.9114583333,0.8645833333,0.9375,0.97265625,0.2017178826,0.2738084012,0.1572019612,0.2373080365,0.1653594569,0.0795763625
CART,0.8958333333,0.8603069415,cloudalchemy__ansible-alertmanager,0.9166666667,0.875,0.9375,0.940625,0.185170717,0.2601623847,0.1502313031,0.2165063509,0.1653594569,0.1237042213
SVM,0.1729585969,0.102394473,bluebanquise__bluebanquise,0.4689835345,0.0967986352,0.8296296296,0.585990861,0.0361819033,0.0349564626,0.0873633712,0.0210951291,0.1685897285,0.0334599325
NB,0.1490651914,0.0459307208,bluebanquise__bluebanquise,0.4751216525,0.082111437,0.8571428571,0.5802441203,0.0426646758,0.0814175645,0.1000293623,0.0245878855,0.2020305089,0.1241250245
LR,0.2087774295,0.1205185658,bluebanquise__bluebanquise,0.4478504373,0.1235653236,0.7534391534,0.6853400858,0.0246822306,0.1005335096,0.0510965018,0.0219400024,0.1337191026,0.0989292091
RF,0.4318181818,0.4356437103,bluebanquise__bluebanquise,0.6583611902,0.5833333333,0.3428571429,0.8665917932,0.316554279,0.3212998966,0.1109225787,0.4249182928,0.2523360248,0.0600357111
CART,0.4376384932,0.375413533,bluebanquise__bluebanquise,0.5659416054,0.4037037037,0.7058201058,0.7089784522,0.1761952657,0.2377787292,0.064707398,0.2108835681,0.19937474,0.1352778213
SVM,0.7334693878,0.7319889863,riemers__ansible-gitlab-runner,0.8458731744,0.7047619048,0.7904761905,0.9470305634,0.3913586937,0.3964602978,0.2234049581,0.4005664923,0.3990919398,0.11567849
NB,0.6034013605,0.62233665,riemers__ansible-gitlab-runner,0.7819554255,0.5628571429,0.8380952381,0.8766344433,0.381884186,0.3672389102,0.1957775908,0.419051948,0.3596420493,0.1681488313
LR,0.8038095238,0.7963201167,riemers__ansible-gitlab-runner,0.8567266067,0.7761904762,0.8666666667,0.9585772874,0.3368171685,0.3575403302,0.2588129824,0.3562210326,0.3304638395,0.092711978
RF,0.7980952381,0.7929465708,riemers__ansible-gitlab-runner,0.8859473859,0.780952381,0.8285714286,0.964547733,0.3732264181,0.3848219474,0.2146965012,0.3795808644,0.3768830274,0.1082774609
CART,0.8130612245,0.8081749363,riemers__ansible-gitlab-runner,0.8875707626,0.7880952381,0.8571428571,0.9187533769,0.3468481674,0.359221705,0.2082468942,0.3570952349,0.3499271061,0.1839210971
SVM,0.7193709583,0.6641274223,HanXHX__ansible-nginx,0.8176012259,0.7524691358,0.7598765432,0.8971907568,0.2890637702,0.3189199708,0.216711534,0.3312497753,0.2984617373,0.1481623382
NB,0.7163858775,0.5718950501,HanXHX__ansible-nginx,0.7912677857,0.6493533216,0.8956790123,0.8292171383,0.2003085646,0.299085578,0.1612510554,0.2684666927,0.1801686791,0.1624470348
LR,0.7793650794,0.7185713945,HanXHX__ansible-nginx,0.8424609341,0.7950617284,0.8339506173,0.8996316338,0.2025433637,0.255882747,0.1550179612,0.2568331517,0.198579393,0.1242467327
RF,0.8030677142,0.7584945828,HanXHX__ansible-nginx,0.8739920573,0.812345679,0.8444444444,0.9398112741,0.256482349,0.3092989816,0.1562968165,0.2808201024,0.2682054369,0.0930481562
CART,0.8279541446,0.7721778962,HanXHX__ansible-nginx,0.8760403177,0.8358024691,0.8802469136,0.8877411683,0.1881697431,0.2325814731,0.1450834243,0.2298104293,0.1985563658,0.123659774
SVM,0.6993435857,0.6478624768,elastic__ansible-elasticsearch,0.7605831216,0.6642316017,0.8153679654,0.8900839975,0.2672315111,0.3159544246,0.2169401936,0.2972011086,0.2448939788,0.1584465421
NB,0.5201440197,0.422401203,elastic__ansible-elasticsearch,0.6325444236,0.5369146006,0.6471861472,0.7768276133,0.2094610845,0.269219634,0.1943912691,0.319168268,0.2486156646,0.1751569186
LR,0.6484573219,0.5827716153,elastic__ansible-elasticsearch,0.75094148,0.5723304473,0.9071428571,0.8509805703,0.2865754264,0.3363998858,0.2000371795,0.3347901833,0.174419259,0.1743559695
RF,0.7179555293,0.7000566804,elastic__ansible-elasticsearch,0.7954506421,0.7977272727,0.7413419913,0.9192403794,0.3015476849,0.3068600594,0.2380335961,0.2882065518,0.3268396118,0.126540431
CART,0.7151875902,0.6862400497,elastic__ansible-elasticsearch,0.7979809922,0.7875541126,0.7478354978,0.846543287,0.2554244749,0.2944598742,0.1940078241,0.2939916888,0.2746729367,0.1547061482
SVM,0.1048580965,-0.0050263236,openstack__kolla-ansible,0.4761627714,0.0772860694,0.8678012831,0.4357602297,0.0418006837,0.0822641686,0.1039209382,0.0734022314,0.2909003806,0.1088683747
NB,0.1961705346,0.1602674206,openstack__kolla-ansible,0.4403524201,0.1372279879,0.7291252044,0.7561098743,0.1065543725,0.1168853987,0.0602069169,0.1012851796,0.2184025862,0.0793954541
LR,0.1833612853,0.1889852247,openstack__kolla-ansible,0.4799613183,0.1046093317,0.8485045227,0.7925539643,0.0525657439,0.0894439083,0.0565262952,0.0349105296,0.114521318,0.0816488964
RF,0.6704875855,0.6682974015,openstack__kolla-ansible,0.7036943294,0.7871813634,0.5990768828,0.9505348321,0.0979267976,0.0958476184,0.0899429511,0.1334752344,0.1066832991,0.0381363402
CART,0.4914737539,0.4749209924,openstack__kolla-ansible,0.5311135368,0.4585330407,0.5816994926,0.78522688,0.1494118554,0.1373002194,0.1110146651,0.1754808784,0.0953661337,0.0556916866
SVM,1.0,1.0,willshersystems__ansible-sshd,1.0,1.0,1.0,1.0,0.0,0.0,0.0,0.0,0.0,0.0
NB,0.9411764706,0.9411764706,willshersystems__ansible-sshd,0.9803921569,0.9411764706,0.9411764706,0.9705882353,0.2352941176,0.2352941176,0.0784313725,0.2352941176,0.2352941176,0.1176470588
LR,1.0,1.0,willshersystems__ansible-sshd,1.0,1.0,1.0,1.0,0.0,0.0,0.0,0.0,0.0,0.0
RF,1.0,1.0,willshersystems__ansible-sshd,1.0,1.0,1.0,1.0,0.0,0.0,0.0,0.0,0.0,0.0
CART,1.0,1.0,willshersystems__ansible-sshd,1.0,1.0,1.0,1.0,0.0,0.0,0.0,0.0,0.0,0.0
SVM,0.2708333333,0.2849632384,anthcourtney__ansible-role-cis-amazon-linux,0.6202920084,0.375,0.2291666667,0.8145207487,0.3720952312,0.3836994122,0.1687402386,0.4841229183,0.3429599507,0.196800426
NB,0.0596644112,0.1116796333,anthcourtney__ansible-role-cis-amazon-linux,0.397745436,0.0311505639,0.7604166667,0.7366838201,0.0293322883,0.0693396968,0.1843072251,0.0154136508,0.3618948493,0.1396494776
LR,0.0,0.0,anthcourtney__ansible-role-cis-amazon-linux,0.5073335919,0.0,0.0,0.3594885392,0.0,0.0,0.0016149271,0.0,0.0,0.1181354702
RF,0.6208333333,0.6440991279,anthcourtney__ansible-role-cis-amazon-linux,0.6802949985,0.7708333333,0.5833333333,0.9541176319,0.3063846076,0.3051382136,0.2994023643,0.3429599507,0.3535533906,0.077782762
CART,0.594047619,0.6168550254,anthcourtney__ansible-role-cis-amazon-linux,0.6538320534,0.6875,0.6145833333,0.805096103,0.324602932,0.3255082556,0.3219839794,0.3578242508,0.3973381484,0.1984152047
SVM,0.9254901961,0.8823529412,Oefenweb__ansible-postfix,0.9558823529,0.9019607843,0.9705882353,0.9705882353,0.1952137798,0.2727534852,0.0974245437,0.2290847342,0.1689577249,0.1176470588
NB,0.9156862745,0.8676470588,Oefenweb__ansible-postfix,0.9485294118,0.887254902,0.9705882353,0.9411764706,0.1995477393,0.2794117647,0.1030869649,0.2381868748,0.1689577249,0.1363767426
LR,0.9352941176,0.8970588235,Oefenweb__ansible-postfix,0.9632352941,0.9166666667,0.9705882353,0.9558823529,0.1902769183,0.2651140644,0.0908186633,0.218618658,0.1689577249,0.1418183935
RF,0.9607843137,0.9411764706,Oefenweb__ansible-postfix,0.9754901961,0.9558823529,0.9852941176,0.9852941176,0.1073965799,0.1610948699,0.0715417623,0.1418183935,0.0844788624,0.0844788624
CART,0.9803921569,0.9705882353,Oefenweb__ansible-postfix,0.9852941176,0.9705882353,1.0,0.9852941176,0.0784313725,0.1176470588,0.0588235294,0.1176470588,0.0,0.0588235294
SVM,0.8595238095,0.8208922602,antoiner77__caddy-ansible,0.8958333333,0.7916666667,1.0,0.9391534392,0.1788886072,0.1950401474,0.1220721933,0.2441443865,0.0,0.089047792
NB,0.6527777778,0.4270925571,antoiner77__caddy-ansible,0.7131944444,0.5722222222,0.8333333333,0.7492063492,0.3416214966,0.4458375108,0.3159569593,0.355077804,0.3726779962,0.231032823
LR,0.7345238095,0.5851200792,antoiner77__caddy-ansible,0.8097222222,0.6472222222,0.9444444444,0.8650793651,0.2063968962,0.2503216889,0.1215654703,0.2373496925,0.1242259987,0.1491134463
RF,0.8595238095,0.8208922602,antoiner77__caddy-ansible,0.8958333333,0.7916666667,1.0,0.9338624339,0.1788886072,0.1950401474,0.1220721933,0.2441443865,0.0,0.1062491303
CART,0.8079365079,0.7395467213,antoiner77__caddy-ansible,0.8638888889,0.7277777778,1.0,0.8801587302,0.2250668275,0.2371608109,0.1340835376,0.2681670752,0.0,0.1008436322
SVM,0.5956567222,0.5993422229,liip__drifter,0.6705167167,0.5230365971,0.7637400794,0.942853476,0.2271801465,0.2362758989,0.1841229303,0.246113544,0.2857961149,0.1037964942
NB,0.1382409001,0.1396126415,liip__drifter,0.4840576237,0.0790331931,0.8835813492,0.7227987309,0.0565143457,0.0681163579,0.0890155999,0.0438720561,0.2010424867,0.1218941712
LR,0.4696891805,0.5064042437,liip__drifter,0.618719428,0.3658244975,0.8638392857,0.9113963804,0.1105325214,0.1020724142,0.0957094091,0.1583864553,0.2324699599,0.1072938031
RF,0.794779526,0.7914848011,liip__drifter,0.8121020968,0.7750992063,0.8409722222,0.9664790454,0.1672813463,0.1714097891,0.1519164134,0.171602066,0.1878740652,0.0653716847
CART,0.1382409001,0.1396126415,liip__drifter,0.4840576237,0.0790331931,0.8835813492,0.7227987309,0.0565143457,0.0681163579,0.0890155999,0.0438720561,0.2010424867,0.1218941712
SVM,1.0,1.0,CSCfi__ansible-role-users,1.0,1.0,1.0,1.0,0.0,0.0,0.0,0.0,0.0,0.0
NB,0.9761904762,0.9285714286,CSCfi__ansible-role-users,0.9821428571,0.9642857143,1.0,0.9642857143,0.0858464589,0.2575393768,0.0643848442,0.1287696884,0.0,0.1287696884
LR,1.0,1.0,CSCfi__ansible-role-users,1.0,1.0,1.0,1.0,0.0,0.0,0.0,0.0,0.0,0.0
RF,1.0,1.0,CSCfi__ansible-role-users,1.0,1.0,1.0,1.0,0.0,0.0,0.0,0.0,0.0,0.0
CART,1.0,1.0,CSCfi__ansible-role-users,1.0,1.0,1.0,1.0,0.0,0.0,0.0,0.0,0.0,0.0
SVM,0.6360022477,0.6173231859,ceph__ceph-ansible,0.6699127541,0.6246168202,0.6732032114,0.8965258835,0.2225579286,0.2309112228,0.1954384514,0.209245325,0.2618846033,0.0816569968
NB,0.1476593177,0.076080455,ceph__ceph-ansible,0.5115296149,0.0816141519,0.9362365644,0.7086951913,0.0481850885,0.0622617964,0.0626453357,0.0304806447,0.1414264026,0.1275907467
LR,0.3825381545,0.3717895,ceph__ceph-ansible,0.5217986432,0.2702323312,0.7530434183,0.8683204354,0.0812982439,0.0840210769,0.0541361622,0.0833864242,0.1354507149,0.0680072649
RF,0.8313852995,0.8276424203,ceph__ceph-ansible,0.8540578186,0.8982712658,0.793995162,0.9718892208,0.1985068612,0.2018779169,0.1760468186,0.1758123695,0.2237993917,0.0647388586
CART,0.8009568658,0.7917779848,ceph__ceph-ansible,0.8228875719,0.8018283511,0.8300364879,0.9066904756,0.1821858528,0.184066341,0.1479717597,0.1941147709,0.1669542087,0.0876746078
