additions,additions_avg,additions_max,avg_play_size,avg_task_size,change_set_avg,change_set_max,code_churn_avg,code_churn_count,code_churn_max,commit,commits_count,committed_at,contributors_count,deletions,deletions_avg,deletions_max,failure_prone,filepath,highest_contributor_experience,hunks_median,lines_blank,lines_code,lines_comment,minor_contributors_count,num_authorized_key,num_block_error_handling,num_blocks,num_commands,num_conditions,num_decisions,num_deprecated_keywords,num_deprecated_modules,num_distinct_modules,num_external_modules,num_fact_modules,num_file_exists,num_file_mode,num_file_modules,num_filters,num_ignore_errors,num_import_playbook,num_import_role,num_import_tasks,num_include,num_include_role,num_include_tasks,num_include_vars,num_keys,num_lookups,num_loops,num_math_operations,num_names_with_vars,num_parameters,num_paths,num_plays,num_prompts,num_regex,num_roles,num_suspicious_comments,num_tasks,num_tokens,num_unique_names,num_uri,num_vars,text_entropy
17.0,17.0,17.0,0.0,7.0,1.0,1.0,16.0,16.0,16.0,7d10c88a15be48dcd9ba8c43819f9f483e17d542,1.0,2017-04-19 16:10:09+02:00,1.0,1.0,1.0,1.0,0.0,tasks/main.yml,100.0,3.0,9.0,59.0,7.0,0.0,0.0,0.0,0.0,0.0,3.0,0.0,0.0,0.0,9.0,0.0,0.0,0.0,1.0,1.0,0.0,0.0,0.0,0.0,0.0,0.0,0.0,0.0,0.0,57.0,0.0,0.0,0.0,2.0,31.0,10.0,0.0,0.0,0.0,0.0,0.0,9.0,186.0,12.0,0.0,1.0,5.97
,,,0.0,3.0,1.0,1.0,,,,7d10c88a15be48dcd9ba8c43819f9f483e17d542,,2017-04-19 16:10:09+02:00,,,,,0.0,handlers/main.yml,,,1.0,6.0,0.0,,0.0,0.0,0.0,1.0,0.0,0.0,0.0,0.0,2.0,0.0,0.0,0.0,0.0,0.0,0.0,0.0,0.0,0.0,0.0,0.0,0.0,0.0,0.0,6.0,0.0,0.0,0.0,0.0,2.0,0.0,0.0,0.0,0.0,0.0,0.0,2.0,14.0,3.0,0.0,0.0,3.32
,,,0.0,16.0,1.0,1.0,,,,7d10c88a15be48dcd9ba8c43819f9f483e17d542,,2017-04-19 16:10:09+02:00,,,,,1.0,meta/main.yml,,,1.0,16.0,2.0,,0.0,0.0,0.0,0.0,0.0,0.0,0.0,0.0,0.0,1.0,0.0,0.0,0.0,0.0,0.0,0.0,0.0,0.0,0.0,0.0,0.0,0.0,0.0,11.0,0.0,0.0,0.0,0.0,0.0,0.0,0.0,0.0,0.0,0.0,0.0,1.0,27.0,2.0,0.0,0.0,4.61
17.0,8.0,17.0,0.0,6.0,1.0,1.0,-1.0,-2.0,16.0,f866dc8ab6dbb5f5463f7facb5f20b1ec18904fa,2.0,2017-05-18 10:16:00+02:00,2.0,19.0,10.0,18.0,0.0,tasks/main.yml,50.0,3.5,7.0,52.0,0.0,0.0,0.0,0.0,0.0,0.0,0.0,0.0,0.0,0.0,8.0,0.0,0.0,0.0,1.0,1.0,0.0,0.0,0.0,0.0,0.0,0.0,0.0,0.0,0.0,50.0,0.0,0.0,0.0,2.0,30.0,9.0,0.0,0.0,0.0,0.0,0.0,8.0,157.0,11.0,0.0,0.0,5.72
,,,0.0,3.0,1.0,1.0,,,,f866dc8ab6dbb5f5463f7facb5f20b1ec18904fa,,2017-05-18 10:16:00+02:00,,,,,0.0,handlers/main.yml,,,1.0,6.0,0.0,,0.0,0.0,0.0,1.0,0.0,0.0,0.0,0.0,2.0,0.0,0.0,0.0,0.0,0.0,0.0,0.0,0.0,0.0,0.0,0.0,0.0,0.0,0.0,6.0,0.0,0.0,0.0,0.0,2.0,0.0,0.0,0.0,0.0,0.0,0.0,2.0,14.0,3.0,0.0,0.0,3.32
,,,0.0,16.0,1.0,1.0,,,,f866dc8ab6dbb5f5463f7facb5f20b1ec18904fa,,2017-05-18 10:16:00+02:00,,,,,1.0,meta/main.yml,,,1.0,16.0,2.0,,0.0,0.0,0.0,0.0,0.0,0.0,0.0,0.0,0.0,1.0,0.0,0.0,0.0,0.0,0.0,0.0,0.0,0.0,0.0,0.0,0.0,0.0,0.0,11.0,0.0,0.0,0.0,0.0,0.0,0.0,0.0,0.0,0.0,0.0,0.0,1.0,27.0,2.0,0.0,0.0,4.61
12.0,12.0,12.0,0.0,18.0,8.0,15.0,0.0,0.0,0.0,9ae5e46e9bd689724080225c3d3e7c0209f516f5,1.0,2017-06-06 10:21:20+02:00,1.0,12.0,12.0,12.0,1.0,meta/main.yml,100.0,5.0,1.0,18.0,0.0,0.0,0.0,0.0,0.0,0.0,0.0,0.0,0.0,0.0,0.0,1.0,0.0,0.0,0.0,0.0,0.0,0.0,0.0,0.0,0.0,0.0,0.0,0.0,0.0,13.0,0.0,0.0,0.0,0.0,0.0,0.0,0.0,0.0,0.0,0.0,0.0,1.0,28.0,2.0,0.0,0.0,4.66
13.0,6.0,13.0,0.0,6.0,8.0,15.0,-9.0,-18.0,0.0,9ae5e46e9bd689724080225c3d3e7c0209f516f5,2.0,2017-06-06 10:21:20+02:00,1.0,31.0,16.0,18.0,0.0,tasks/main.yml,100.0,6.0,7.0,52.0,0.0,0.0,0.0,0.0,0.0,0.0,0.0,0.0,0.0,0.0,8.0,0.0,0.0,0.0,1.0,1.0,0.0,0.0,0.0,0.0,0.0,0.0,0.0,0.0,0.0,50.0,0.0,0.0,0.0,2.0,30.0,9.0,0.0,0.0,0.0,0.0,0.0,8.0,157.0,11.0,0.0,0.0,5.72
,,,0.0,3.0,8.0,15.0,,,,9ae5e46e9bd689724080225c3d3e7c0209f516f5,,2017-06-06 10:21:20+02:00,,,,,0.0,handlers/main.yml,,,1.0,6.0,0.0,,0.0,0.0,0.0,1.0,0.0,0.0,0.0,0.0,2.0,0.0,0.0,0.0,0.0,0.0,0.0,0.0,0.0,0.0,0.0,0.0,0.0,0.0,0.0,6.0,0.0,0.0,0.0,0.0,2.0,0.0,0.0,0.0,0.0,0.0,0.0,2.0,14.0,3.0,0.0,0.0,3.32
12.0,12.0,12.0,0.0,18.0,4.0,15.0,0.0,0.0,0.0,21d067c8d060c0310786993bcd9bb7c3f170a4f8,1.0,2017-06-14 12:45:03+02:00,1.0,12.0,12.0,12.0,1.0,meta/main.yml,100.0,5.0,1.0,18.0,0.0,0.0,0.0,0.0,0.0,0.0,0.0,0.0,0.0,0.0,0.0,1.0,0.0,0.0,0.0,0.0,0.0,0.0,0.0,0.0,0.0,0.0,0.0,0.0,0.0,13.0,0.0,0.0,0.0,0.0,0.0,0.0,0.0,0.0,0.0,0.0,0.0,1.0,28.0,2.0,0.0,0.0,4.66
13.0,13.0,13.0,0.0,6.0,4.0,15.0,0.0,0.0,0.0,21d067c8d060c0310786993bcd9bb7c3f170a4f8,1.0,2017-06-14 12:45:03+02:00,1.0,13.0,13.0,13.0,0.0,tasks/main.yml,100.0,8.0,7.0,52.0,0.0,0.0,0.0,0.0,0.0,0.0,0.0,0.0,0.0,0.0,8.0,0.0,0.0,0.0,1.0,1.0,0.0,0.0,0.0,0.0,0.0,0.0,0.0,0.0,0.0,50.0,0.0,0.0,0.0,2.0,30.0,9.0,0.0,0.0,0.0,0.0,0.0,8.0,157.0,11.0,0.0,0.0,5.72
,,,0.0,3.0,4.0,15.0,,,,21d067c8d060c0310786993bcd9bb7c3f170a4f8,,2017-06-14 12:45:03+02:00,,,,,0.0,handlers/main.yml,,,1.0,6.0,0.0,,0.0,0.0,0.0,1.0,0.0,0.0,0.0,0.0,2.0,0.0,0.0,0.0,0.0,0.0,0.0,0.0,0.0,0.0,0.0,0.0,0.0,0.0,0.0,6.0,0.0,0.0,0.0,0.0,2.0,0.0,0.0,0.0,0.0,0.0,0.0,2.0,14.0,3.0,0.0,0.0,3.32
,,,0.0,18.0,1.0,1.0,,,,2423a8418ad7ee1e81bb9ba14664a971df069c65,,2017-07-21 16:33:42+02:00,,,,,1.0,meta/main.yml,,,1.0,18.0,0.0,,0.0,0.0,0.0,0.0,0.0,0.0,0.0,0.0,0.0,1.0,0.0,0.0,0.0,0.0,0.0,0.0,0.0,0.0,0.0,0.0,0.0,0.0,0.0,13.0,0.0,0.0,0.0,0.0,0.0,0.0,0.0,0.0,0.0,0.0,0.0,1.0,28.0,2.0,0.0,0.0,4.66
,,,0.0,6.0,1.0,1.0,,,,2423a8418ad7ee1e81bb9ba14664a971df069c65,,2017-07-21 16:33:42+02:00,,,,,0.0,tasks/main.yml,,,7.0,52.0,0.0,,0.0,0.0,0.0,0.0,0.0,0.0,0.0,0.0,8.0,0.0,0.0,0.0,1.0,1.0,0.0,0.0,0.0,0.0,0.0,0.0,0.0,0.0,0.0,50.0,0.0,0.0,0.0,2.0,30.0,9.0,0.0,0.0,0.0,0.0,0.0,8.0,157.0,11.0,0.0,0.0,5.72
,,,0.0,3.0,1.0,1.0,,,,2423a8418ad7ee1e81bb9ba14664a971df069c65,,2017-07-21 16:33:42+02:00,,,,,0.0,handlers/main.yml,,,1.0,6.0,0.0,,0.0,0.0,0.0,1.0,0.0,0.0,0.0,0.0,2.0,0.0,0.0,0.0,0.0,0.0,0.0,0.0,0.0,0.0,0.0,0.0,0.0,0.0,0.0,6.0,0.0,0.0,0.0,0.0,2.0,0.0,0.0,0.0,0.0,0.0,0.0,2.0,14.0,3.0,0.0,0.0,3.32
,,,0.0,18.0,1.0,1.0,,,,057714d27d36884c7b8437b5f46725d1c39d0d10,,2017-07-26 11:24:48+02:00,,,,,1.0,meta/main.yml,,,1.0,18.0,0.0,,0.0,0.0,0.0,0.0,0.0,0.0,0.0,0.0,0.0,1.0,0.0,0.0,0.0,0.0,0.0,0.0,0.0,0.0,0.0,0.0,0.0,0.0,0.0,13.0,0.0,0.0,0.0,0.0,0.0,0.0,0.0,0.0,0.0,0.0,0.0,1.0,28.0,2.0,0.0,0.0,4.66
4.0,1.0,2.0,0.0,7.0,1.0,1.0,1.0,2.0,2.0,057714d27d36884c7b8437b5f46725d1c39d0d10,3.0,2017-07-26 11:24:48+02:00,1.0,2.0,1.0,1.0,0.0,tasks/main.yml,100.0,1.0,7.0,54.0,0.0,0.0,0.0,0.0,0.0,0.0,0.0,0.0,0.0,0.0,8.0,0.0,0.0,0.0,1.0,1.0,0.0,0.0,0.0,0.0,0.0,0.0,0.0,0.0,0.0,52.0,0.0,0.0,0.0,2.0,32.0,9.0,0.0,0.0,0.0,0.0,0.0,8.0,160.0,11.0,0.0,0.0,5.74
,,,0.0,3.0,1.0,1.0,,,,057714d27d36884c7b8437b5f46725d1c39d0d10,,2017-07-26 11:24:48+02:00,,,,,0.0,handlers/main.yml,,,1.0,6.0,0.0,,0.0,0.0,0.0,1.0,0.0,0.0,0.0,0.0,2.0,0.0,0.0,0.0,0.0,0.0,0.0,0.0,0.0,0.0,0.0,0.0,0.0,0.0,0.0,6.0,0.0,0.0,0.0,0.0,2.0,0.0,0.0,0.0,0.0,0.0,0.0,2.0,14.0,3.0,0.0,0.0,3.32
,,,0.0,18.0,0.0,1.0,,,,3c94f2823b054979b3607bf6d5ed2cfadb23ed28,,2017-08-09 12:03:35+02:00,,,,,1.0,meta/main.yml,,,1.0,18.0,0.0,,0.0,0.0,0.0,0.0,0.0,0.0,0.0,0.0,0.0,1.0,0.0,0.0,0.0,0.0,0.0,0.0,0.0,0.0,0.0,0.0,0.0,0.0,0.0,13.0,0.0,0.0,0.0,0.0,0.0,0.0,0.0,0.0,0.0,0.0,0.0,1.0,28.0,2.0,0.0,0.0,4.66
,,,0.0,7.0,0.0,1.0,,,,3c94f2823b054979b3607bf6d5ed2cfadb23ed28,,2017-08-09 12:03:35+02:00,,,,,0.0,tasks/main.yml,,,7.0,54.0,0.0,,0.0,0.0,0.0,0.0,0.0,0.0,0.0,0.0,8.0,0.0,0.0,0.0,1.0,1.0,0.0,0.0,0.0,0.0,0.0,0.0,0.0,0.0,0.0,52.0,0.0,0.0,0.0,2.0,32.0,9.0,0.0,0.0,0.0,0.0,0.0,8.0,160.0,11.0,0.0,0.0,5.74
,,,0.0,3.0,0.0,1.0,,,,3c94f2823b054979b3607bf6d5ed2cfadb23ed28,,2017-08-09 12:03:35+02:00,,,,,0.0,handlers/main.yml,,,1.0,6.0,0.0,,0.0,0.0,0.0,1.0,0.0,0.0,0.0,0.0,2.0,0.0,0.0,0.0,0.0,0.0,0.0,0.0,0.0,0.0,0.0,0.0,0.0,0.0,0.0,6.0,0.0,0.0,0.0,0.0,2.0,0.0,0.0,0.0,0.0,0.0,0.0,2.0,14.0,3.0,0.0,0.0,3.32
,,,0.0,18.0,2.0,5.0,,,,86a784af2e7c90710a963fddadc7285ce9628d14,,2017-09-20 15:19:38+02:00,,,,,1.0,meta/main.yml,,,1.0,18.0,0.0,,0.0,0.0,0.0,0.0,0.0,0.0,0.0,0.0,0.0,1.0,0.0,0.0,0.0,0.0,0.0,0.0,0.0,0.0,0.0,0.0,0.0,0.0,0.0,13.0,0.0,0.0,0.0,0.0,0.0,0.0,0.0,0.0,0.0,0.0,0.0,1.0,28.0,2.0,0.0,0.0,4.66
16.0,16.0,16.0,0.0,7.0,2.0,5.0,-13.0,-13.0,-13.0,86a784af2e7c90710a963fddadc7285ce9628d14,1.0,2017-09-20 15:19:38+02:00,1.0,29.0,29.0,29.0,0.0,tasks/main.yml,100.0,8.0,5.0,43.0,0.0,0.0,0.0,0.0,0.0,0.0,0.0,0.0,0.0,0.0,6.0,0.0,0.0,0.0,2.0,0.0,0.0,0.0,0.0,0.0,0.0,0.0,0.0,0.0,0.0,41.0,0.0,0.0,0.0,0.0,25.0,6.0,0.0,0.0,0.0,0.0,0.0,6.0,115.0,7.0,0.0,0.0,5.75
,,,0.0,3.0,2.0,5.0,,,,86a784af2e7c90710a963fddadc7285ce9628d14,,2017-09-20 15:19:38+02:00,,,,,0.0,handlers/main.yml,,,1.0,6.0,0.0,,0.0,0.0,0.0,1.0,0.0,0.0,0.0,0.0,2.0,0.0,0.0,0.0,0.0,0.0,0.0,0.0,0.0,0.0,0.0,0.0,0.0,0.0,0.0,6.0,0.0,0.0,0.0,0.0,2.0,0.0,0.0,0.0,0.0,0.0,0.0,2.0,14.0,3.0,0.0,0.0,3.32
,,,0.0,18.0,1.0,2.0,,,,8cd8abeda5707adbaae997933583cd7955da529b,,2017-09-26 10:58:29+02:00,,,,,1.0,meta/main.yml,,,1.0,18.0,0.0,,0.0,0.0,0.0,0.0,0.0,0.0,0.0,0.0,0.0,1.0,0.0,0.0,0.0,0.0,0.0,0.0,0.0,0.0,0.0,0.0,0.0,0.0,0.0,13.0,0.0,0.0,0.0,0.0,0.0,0.0,0.0,0.0,0.0,0.0,0.0,1.0,28.0,2.0,0.0,0.0,4.66
4.0,4.0,4.0,0.0,8.0,1.0,2.0,2.0,2.0,2.0,8cd8abeda5707adbaae997933583cd7955da529b,1.0,2017-09-26 10:58:29+02:00,1.0,2.0,2.0,2.0,0.0,tasks/main.yml,100.0,3.0,5.0,45.0,0.0,0.0,0.0,0.0,0.0,0.0,0.0,0.0,0.0,0.0,6.0,0.0,0.0,0.0,2.0,0.0,0.0,0.0,0.0,0.0,0.0,0.0,0.0,0.0,0.0,42.0,0.0,0.0,0.0,0.0,25.0,6.0,0.0,0.0,0.0,0.0,0.0,6.0,117.0,7.0,0.0,0.0,5.67
,,,0.0,3.0,1.0,2.0,,,,8cd8abeda5707adbaae997933583cd7955da529b,,2017-09-26 10:58:29+02:00,,,,,0.0,handlers/main.yml,,,1.0,6.0,0.0,,0.0,0.0,0.0,1.0,0.0,0.0,0.0,0.0,2.0,0.0,0.0,0.0,0.0,0.0,0.0,0.0,0.0,0.0,0.0,0.0,0.0,0.0,0.0,6.0,0.0,0.0,0.0,0.0,2.0,0.0,0.0,0.0,0.0,0.0,0.0,2.0,14.0,3.0,0.0,0.0,3.32
,,,0.0,18.0,1.0,2.0,,,,6ae28d7ba822ee2ae4afff321e1121daf9db5c18,,2017-10-05 21:09:09+02:00,,,,,1.0,meta/main.yml,,,1.0,18.0,0.0,,0.0,0.0,0.0,0.0,0.0,0.0,0.0,0.0,0.0,1.0,0.0,0.0,0.0,0.0,0.0,0.0,0.0,0.0,0.0,0.0,0.0,0.0,0.0,13.0,0.0,0.0,0.0,0.0,0.0,0.0,0.0,0.0,0.0,0.0,0.0,1.0,28.0,2.0,0.0,0.0,4.66
3.0,3.0,3.0,0.0,8.0,1.0,2.0,-1.0,-1.0,-1.0,6ae28d7ba822ee2ae4afff321e1121daf9db5c18,1.0,2017-10-05 21:09:09+02:00,1.0,4.0,4.0,4.0,0.0,tasks/main.yml,100.0,3.0,5.0,44.0,0.0,0.0,0.0,0.0,0.0,0.0,0.0,0.0,0.0,0.0,6.0,0.0,0.0,0.0,2.0,0.0,0.0,0.0,0.0,0.0,0.0,0.0,0.0,0.0,0.0,42.0,0.0,0.0,0.0,0.0,25.0,6.0,0.0,0.0,0.0,0.0,0.0,6.0,117.0,7.0,0.0,0.0,5.65
3.0,2.0,2.0,0.0,5.0,1.0,2.0,-1.0,-2.0,1.0,6ae28d7ba822ee2ae4afff321e1121daf9db5c18,2.0,2017-10-05 21:09:09+02:00,1.0,5.0,2.0,4.0,0.0,handlers/main.yml,100.0,1.5,0.0,5.0,0.0,0.0,0.0,0.0,0.0,0.0,0.0,0.0,0.0,0.0,1.0,0.0,0.0,0.0,0.0,0.0,0.0,0.0,0.0,0.0,0.0,0.0,0.0,0.0,0.0,5.0,0.0,0.0,0.0,0.0,3.0,0.0,0.0,0.0,0.0,0.0,0.0,1.0,11.0,2.0,0.0,0.0,3.28
,,,0.0,18.0,1.0,1.0,,,,e9fa492da73891a03a524d298663b2611604cae6,,2017-10-12 16:13:02+02:00,,,,,1.0,meta/main.yml,,,1.0,18.0,0.0,,0.0,0.0,0.0,0.0,0.0,0.0,0.0,0.0,0.0,1.0,0.0,0.0,0.0,0.0,0.0,0.0,0.0,0.0,0.0,0.0,0.0,0.0,0.0,13.0,0.0,0.0,0.0,0.0,0.0,0.0,0.0,0.0,0.0,0.0,0.0,1.0,28.0,2.0,0.0,0.0,4.66
25.0,6.0,15.0,0.0,8.0,1.0,1.0,5.0,21.0,13.0,e9fa492da73891a03a524d298663b2611604cae6,4.0,2017-10-12 16:13:02+02:00,1.0,4.0,1.0,2.0,1.0,tasks/main.yml,100.0,1.0,7.0,63.0,0.0,0.0,0.0,0.0,0.0,0.0,4.0,2.0,0.0,0.0,8.0,0.0,0.0,0.0,2.0,0.0,0.0,0.0,0.0,0.0,0.0,0.0,0.0,0.0,0.0,55.0,0.0,1.0,0.0,1.0,31.0,6.0,0.0,0.0,0.0,0.0,0.0,8.0,170.0,10.0,0.0,0.0,6.21
,,,0.0,5.0,1.0,1.0,,,,e9fa492da73891a03a524d298663b2611604cae6,,2017-10-12 16:13:02+02:00,,,,,0.0,handlers/main.yml,,,0.0,5.0,0.0,,0.0,0.0,0.0,0.0,0.0,0.0,0.0,0.0,1.0,0.0,0.0,0.0,0.0,0.0,0.0,0.0,0.0,0.0,0.0,0.0,0.0,0.0,0.0,5.0,0.0,0.0,0.0,0.0,3.0,0.0,0.0,0.0,0.0,0.0,0.0,1.0,11.0,2.0,0.0,0.0,3.28
,,,0.0,18.0,2.0,6.0,,,,03a49ea60a6e4fbecc61e5f3d14644bad45b4d56,,2017-10-16 14:09:02+02:00,,,,,1.0,meta/main.yml,,,1.0,18.0,0.0,,0.0,0.0,0.0,0.0,0.0,0.0,0.0,0.0,0.0,1.0,0.0,0.0,0.0,0.0,0.0,0.0,0.0,0.0,0.0,0.0,0.0,0.0,0.0,13.0,0.0,0.0,0.0,0.0,0.0,0.0,0.0,0.0,0.0,0.0,0.0,1.0,28.0,2.0,0.0,0.0,4.66
,,,0.0,5.0,2.0,6.0,,,,03a49ea60a6e4fbecc61e5f3d14644bad45b4d56,,2017-10-16 14:09:02+02:00,,,,,0.0,handlers/main.yml,,,0.0,5.0,0.0,,0.0,0.0,0.0,0.0,0.0,0.0,0.0,0.0,1.0,0.0,0.0,0.0,0.0,0.0,0.0,0.0,0.0,0.0,0.0,0.0,0.0,0.0,0.0,5.0,0.0,0.0,0.0,0.0,3.0,0.0,0.0,0.0,0.0,0.0,0.0,1.0,11.0,2.0,0.0,0.0,3.28
,,,0.0,8.0,2.0,6.0,,,,03a49ea60a6e4fbecc61e5f3d14644bad45b4d56,,2017-10-16 14:09:02+02:00,,,,,1.0,tasks/main.yml,,,7.0,63.0,0.0,,0.0,0.0,0.0,0.0,4.0,2.0,0.0,0.0,8.0,0.0,0.0,0.0,2.0,0.0,0.0,0.0,0.0,0.0,0.0,0.0,0.0,0.0,0.0,55.0,0.0,1.0,0.0,1.0,31.0,6.0,0.0,0.0,0.0,0.0,0.0,8.0,170.0,10.0,0.0,0.0,6.21
,,,0.0,18.0,1.0,3.0,,,,83def7e0666d59e61f2c2c2d5c55550f72d2d3b1,,2017-11-09 11:02:51+01:00,,,,,1.0,meta/main.yml,,,1.0,18.0,0.0,,0.0,0.0,0.0,0.0,0.0,0.0,0.0,0.0,0.0,1.0,0.0,0.0,0.0,0.0,0.0,0.0,0.0,0.0,0.0,0.0,0.0,0.0,0.0,13.0,0.0,0.0,0.0,0.0,0.0,0.0,0.0,0.0,0.0,0.0,0.0,1.0,28.0,2.0,0.0,0.0,4.66
,,,0.0,5.0,1.0,3.0,,,,83def7e0666d59e61f2c2c2d5c55550f72d2d3b1,,2017-11-09 11:02:51+01:00,,,,,0.0,handlers/main.yml,,,0.0,5.0,0.0,,0.0,0.0,0.0,0.0,0.0,0.0,0.0,0.0,1.0,0.0,0.0,0.0,0.0,0.0,0.0,0.0,0.0,0.0,0.0,0.0,0.0,0.0,0.0,5.0,0.0,0.0,0.0,0.0,3.0,0.0,0.0,0.0,0.0,0.0,0.0,1.0,11.0,2.0,0.0,0.0,3.28
,,,0.0,8.0,1.0,3.0,,,,83def7e0666d59e61f2c2c2d5c55550f72d2d3b1,,2017-11-09 11:02:51+01:00,,,,,1.0,tasks/main.yml,,,7.0,63.0,0.0,,0.0,0.0,0.0,0.0,4.0,2.0,0.0,0.0,8.0,0.0,0.0,0.0,2.0,0.0,0.0,0.0,0.0,0.0,0.0,0.0,0.0,0.0,0.0,55.0,0.0,1.0,0.0,1.0,31.0,6.0,0.0,0.0,0.0,0.0,0.0,8.0,170.0,10.0,0.0,0.0,6.21
1.0,1.0,1.0,0.0,17.0,2.0,4.0,-1.0,-1.0,-1.0,a460ec7f8591f386402d9f257a1088cc923e7214,1.0,2017-11-29 00:52:22+01:00,1.0,2.0,2.0,2.0,1.0,meta/main.yml,100.0,2.0,1.0,17.0,0.0,0.0,0.0,0.0,0.0,0.0,0.0,0.0,0.0,0.0,0.0,1.0,0.0,0.0,0.0,0.0,0.0,0.0,0.0,0.0,0.0,0.0,0.0,0.0,0.0,12.0,0.0,0.0,0.0,0.0,0.0,0.0,0.0,0.0,0.0,0.0,0.0,1.0,26.0,2.0,0.0,0.0,4.55
,,,0.0,5.0,2.0,4.0,,,,a460ec7f8591f386402d9f257a1088cc923e7214,,2017-11-29 00:52:22+01:00,,,,,0.0,handlers/main.yml,,,0.0,5.0,0.0,,0.0,0.0,0.0,0.0,0.0,0.0,0.0,0.0,1.0,0.0,0.0,0.0,0.0,0.0,0.0,0.0,0.0,0.0,0.0,0.0,0.0,0.0,0.0,5.0,0.0,0.0,0.0,0.0,3.0,0.0,0.0,0.0,0.0,0.0,0.0,1.0,11.0,2.0,0.0,0.0,3.28
,,,0.0,8.0,2.0,4.0,,,,a460ec7f8591f386402d9f257a1088cc923e7214,,2017-11-29 00:52:22+01:00,,,,,1.0,tasks/main.yml,,,7.0,63.0,0.0,,0.0,0.0,0.0,0.0,4.0,2.0,0.0,0.0,8.0,0.0,0.0,0.0,2.0,0.0,0.0,0.0,0.0,0.0,0.0,0.0,0.0,0.0,0.0,55.0,0.0,1.0,0.0,1.0,31.0,6.0,0.0,0.0,0.0,0.0,0.0,8.0,170.0,10.0,0.0,0.0,6.21
,,,0.0,17.0,0.0,1.0,,,,4e109162124b5bb7a7d04d2da8db5838cdd5fa56,,2017-11-30 18:23:10+01:00,,,,,1.0,meta/main.yml,,,1.0,17.0,0.0,,0.0,0.0,0.0,0.0,0.0,0.0,0.0,0.0,0.0,1.0,0.0,0.0,0.0,0.0,0.0,0.0,0.0,0.0,0.0,0.0,0.0,0.0,0.0,12.0,0.0,0.0,0.0,0.0,0.0,0.0,0.0,0.0,0.0,0.0,0.0,1.0,26.0,2.0,0.0,0.0,4.55
,,,0.0,5.0,0.0,1.0,,,,4e109162124b5bb7a7d04d2da8db5838cdd5fa56,,2017-11-30 18:23:10+01:00,,,,,0.0,handlers/main.yml,,,0.0,5.0,0.0,,0.0,0.0,0.0,0.0,0.0,0.0,0.0,0.0,1.0,0.0,0.0,0.0,0.0,0.0,0.0,0.0,0.0,0.0,0.0,0.0,0.0,0.0,0.0,5.0,0.0,0.0,0.0,0.0,3.0,0.0,0.0,0.0,0.0,0.0,0.0,1.0,11.0,2.0,0.0,0.0,3.28
,,,0.0,8.0,0.0,1.0,,,,4e109162124b5bb7a7d04d2da8db5838cdd5fa56,,2017-11-30 18:23:10+01:00,,,,,1.0,tasks/main.yml,,,7.0,63.0,0.0,,0.0,0.0,0.0,0.0,4.0,2.0,0.0,0.0,8.0,0.0,0.0,0.0,2.0,0.0,0.0,0.0,0.0,0.0,0.0,0.0,0.0,0.0,0.0,55.0,0.0,1.0,0.0,1.0,31.0,6.0,0.0,0.0,0.0,0.0,0.0,8.0,170.0,10.0,0.0,0.0,6.21
,,,0.0,17.0,1.0,1.0,,,,560f06a1ec1800abe65889c54d4a5be29744fe88,,2017-12-01 00:26:19+01:00,,,,,1.0,meta/main.yml,,,1.0,17.0,0.0,,0.0,0.0,0.0,0.0,0.0,0.0,0.0,0.0,0.0,1.0,0.0,0.0,0.0,0.0,0.0,0.0,0.0,0.0,0.0,0.0,0.0,0.0,0.0,12.0,0.0,0.0,0.0,0.0,0.0,0.0,0.0,0.0,0.0,0.0,0.0,1.0,26.0,2.0,0.0,0.0,4.55
,,,0.0,5.0,1.0,1.0,,,,560f06a1ec1800abe65889c54d4a5be29744fe88,,2017-12-01 00:26:19+01:00,,,,,0.0,handlers/main.yml,,,0.0,5.0,0.0,,0.0,0.0,0.0,0.0,0.0,0.0,0.0,0.0,1.0,0.0,0.0,0.0,0.0,0.0,0.0,0.0,0.0,0.0,0.0,0.0,0.0,0.0,0.0,5.0,0.0,0.0,0.0,0.0,3.0,0.0,0.0,0.0,0.0,0.0,0.0,1.0,11.0,2.0,0.0,0.0,3.28
,,,0.0,8.0,1.0,1.0,,,,560f06a1ec1800abe65889c54d4a5be29744fe88,,2017-12-01 00:26:19+01:00,,,,,1.0,tasks/main.yml,,,7.0,63.0,0.0,,0.0,0.0,0.0,0.0,4.0,2.0,0.0,0.0,8.0,0.0,0.0,0.0,2.0,0.0,0.0,0.0,0.0,0.0,0.0,0.0,0.0,0.0,0.0,55.0,0.0,1.0,0.0,1.0,31.0,6.0,0.0,0.0,0.0,0.0,0.0,8.0,170.0,10.0,0.0,0.0,6.21
,,,0.0,17.0,1.0,1.0,,,,62c5ebf671a3a34d1646f8d8ead15ae899be8913,,2017-12-06 17:26:24+01:00,,,,,1.0,meta/main.yml,,,1.0,17.0,0.0,,0.0,0.0,0.0,0.0,0.0,0.0,0.0,0.0,0.0,1.0,0.0,0.0,0.0,0.0,0.0,0.0,0.0,0.0,0.0,0.0,0.0,0.0,0.0,12.0,0.0,0.0,0.0,0.0,0.0,0.0,0.0,0.0,0.0,0.0,0.0,1.0,26.0,2.0,0.0,0.0,4.55
,,,0.0,5.0,1.0,1.0,,,,62c5ebf671a3a34d1646f8d8ead15ae899be8913,,2017-12-06 17:26:24+01:00,,,,,0.0,handlers/main.yml,,,0.0,5.0,0.0,,0.0,0.0,0.0,0.0,0.0,0.0,0.0,0.0,1.0,0.0,0.0,0.0,0.0,0.0,0.0,0.0,0.0,0.0,0.0,0.0,0.0,0.0,0.0,5.0,0.0,0.0,0.0,0.0,3.0,0.0,0.0,0.0,0.0,0.0,0.0,1.0,11.0,2.0,0.0,0.0,3.28
,,,0.0,8.0,1.0,1.0,,,,62c5ebf671a3a34d1646f8d8ead15ae899be8913,,2017-12-06 17:26:24+01:00,,,,,1.0,tasks/main.yml,,,7.0,63.0,0.0,,0.0,0.0,0.0,0.0,4.0,2.0,0.0,0.0,8.0,0.0,0.0,0.0,2.0,0.0,0.0,0.0,0.0,0.0,0.0,0.0,0.0,0.0,0.0,55.0,0.0,1.0,0.0,1.0,31.0,6.0,0.0,0.0,0.0,0.0,0.0,8.0,170.0,10.0,0.0,0.0,6.21
,,,0.0,17.0,1.0,2.0,,,,dcdb64654681c97778f00a0250a5838e18dcfcce,,2017-12-15 11:42:55+01:00,,,,,1.0,meta/main.yml,,,1.0,17.0,0.0,,0.0,0.0,0.0,0.0,0.0,0.0,0.0,0.0,0.0,1.0,0.0,0.0,0.0,0.0,0.0,0.0,0.0,0.0,0.0,0.0,0.0,0.0,0.0,12.0,0.0,0.0,0.0,0.0,0.0,0.0,0.0,0.0,0.0,0.0,0.0,1.0,26.0,2.0,0.0,0.0,4.55
,,,0.0,5.0,1.0,2.0,,,,dcdb64654681c97778f00a0250a5838e18dcfcce,,2017-12-15 11:42:55+01:00,,,,,0.0,handlers/main.yml,,,0.0,5.0,0.0,,0.0,0.0,0.0,0.0,0.0,0.0,0.0,0.0,1.0,0.0,0.0,0.0,0.0,0.0,0.0,0.0,0.0,0.0,0.0,0.0,0.0,0.0,0.0,5.0,0.0,0.0,0.0,0.0,3.0,0.0,0.0,0.0,0.0,0.0,0.0,1.0,11.0,2.0,0.0,0.0,3.28
11.0,6.0,8.0,0.0,8.0,1.0,2.0,0.0,-1.0,4.0,dcdb64654681c97778f00a0250a5838e18dcfcce,2.0,2017-12-15 11:42:55+01:00,1.0,12.0,6.0,8.0,1.0,tasks/main.yml,100.0,4.0,7.0,62.0,0.0,0.0,0.0,0.0,0.0,0.0,4.0,2.0,0.0,0.0,8.0,0.0,0.0,0.0,2.0,0.0,3.0,0.0,0.0,0.0,0.0,0.0,0.0,0.0,0.0,54.0,0.0,1.0,0.0,1.0,31.0,6.0,0.0,0.0,0.0,0.0,0.0,8.0,180.0,10.0,0.0,0.0,6.28
,,,0.0,17.0,0.0,1.0,,,,939035ed7e884bd6de1f2253bdf15720da6e4017,,2017-12-27 15:21:50+01:00,,,,,1.0,meta/main.yml,,,1.0,17.0,0.0,,0.0,0.0,0.0,0.0,0.0,0.0,0.0,0.0,0.0,1.0,0.0,0.0,0.0,0.0,0.0,0.0,0.0,0.0,0.0,0.0,0.0,0.0,0.0,12.0,0.0,0.0,0.0,0.0,0.0,0.0,0.0,0.0,0.0,0.0,0.0,1.0,26.0,2.0,0.0,0.0,4.55
,,,0.0,5.0,0.0,1.0,,,,939035ed7e884bd6de1f2253bdf15720da6e4017,,2017-12-27 15:21:50+01:00,,,,,0.0,handlers/main.yml,,,0.0,5.0,0.0,,0.0,0.0,0.0,0.0,0.0,0.0,0.0,0.0,1.0,0.0,0.0,0.0,0.0,0.0,0.0,0.0,0.0,0.0,0.0,0.0,0.0,0.0,0.0,5.0,0.0,0.0,0.0,0.0,3.0,0.0,0.0,0.0,0.0,0.0,0.0,1.0,11.0,2.0,0.0,0.0,3.28
,,,0.0,8.0,0.0,1.0,,,,939035ed7e884bd6de1f2253bdf15720da6e4017,,2017-12-27 15:21:50+01:00,,,,,1.0,tasks/main.yml,,,7.0,62.0,0.0,,0.0,0.0,0.0,0.0,4.0,2.0,0.0,0.0,8.0,0.0,0.0,0.0,2.0,0.0,3.0,0.0,0.0,0.0,0.0,0.0,0.0,0.0,0.0,54.0,0.0,1.0,0.0,1.0,31.0,6.0,0.0,0.0,0.0,0.0,0.0,8.0,180.0,10.0,0.0,0.0,6.28
,,,0.0,17.0,0.0,1.0,,,,aad689cc1e239689c1aeef3c5e38a7b7a77d1632,,2017-12-27 16:39:20+01:00,,,,,1.0,meta/main.yml,,,1.0,17.0,0.0,,0.0,0.0,0.0,0.0,0.0,0.0,0.0,0.0,0.0,1.0,0.0,0.0,0.0,0.0,0.0,0.0,0.0,0.0,0.0,0.0,0.0,0.0,0.0,12.0,0.0,0.0,0.0,0.0,0.0,0.0,0.0,0.0,0.0,0.0,0.0,1.0,26.0,2.0,0.0,0.0,4.55
,,,0.0,5.0,0.0,1.0,,,,aad689cc1e239689c1aeef3c5e38a7b7a77d1632,,2017-12-27 16:39:20+01:00,,,,,0.0,handlers/main.yml,,,0.0,5.0,0.0,,0.0,0.0,0.0,0.0,0.0,0.0,0.0,0.0,1.0,0.0,0.0,0.0,0.0,0.0,0.0,0.0,0.0,0.0,0.0,0.0,0.0,0.0,0.0,5.0,0.0,0.0,0.0,0.0,3.0,0.0,0.0,0.0,0.0,0.0,0.0,1.0,11.0,2.0,0.0,0.0,3.28
,,,0.0,8.0,0.0,1.0,,,,aad689cc1e239689c1aeef3c5e38a7b7a77d1632,,2017-12-27 16:39:20+01:00,,,,,1.0,tasks/main.yml,,,7.0,62.0,0.0,,0.0,0.0,0.0,0.0,4.0,2.0,0.0,0.0,8.0,0.0,0.0,0.0,2.0,0.0,3.0,0.0,0.0,0.0,0.0,0.0,0.0,0.0,0.0,54.0,0.0,1.0,0.0,1.0,31.0,6.0,0.0,0.0,0.0,0.0,0.0,8.0,180.0,10.0,0.0,0.0,6.28
,,,0.0,17.0,1.0,2.0,,,,90abb97da4d92c485e50ab9a0d22c5a3579c3c3b,,2018-01-01 18:38:30+01:00,,,,,1.0,meta/main.yml,,,1.0,17.0,0.0,,0.0,0.0,0.0,0.0,0.0,0.0,0.0,0.0,0.0,1.0,0.0,0.0,0.0,0.0,0.0,0.0,0.0,0.0,0.0,0.0,0.0,0.0,0.0,12.0,0.0,0.0,0.0,0.0,0.0,0.0,0.0,0.0,0.0,0.0,0.0,1.0,26.0,2.0,0.0,0.0,4.55
,,,0.0,5.0,1.0,2.0,,,,90abb97da4d92c485e50ab9a0d22c5a3579c3c3b,,2018-01-01 18:38:30+01:00,,,,,0.0,handlers/main.yml,,,0.0,5.0,0.0,,0.0,0.0,0.0,0.0,0.0,0.0,0.0,0.0,1.0,0.0,0.0,0.0,0.0,0.0,0.0,0.0,0.0,0.0,0.0,0.0,0.0,0.0,0.0,5.0,0.0,0.0,0.0,0.0,3.0,0.0,0.0,0.0,0.0,0.0,0.0,1.0,11.0,2.0,0.0,0.0,3.28
,,,0.0,8.0,1.0,2.0,,,,90abb97da4d92c485e50ab9a0d22c5a3579c3c3b,,2018-01-01 18:38:30+01:00,,,,,1.0,tasks/main.yml,,,7.0,62.0,0.0,,0.0,0.0,0.0,0.0,4.0,2.0,0.0,0.0,8.0,0.0,0.0,0.0,2.0,0.0,3.0,0.0,0.0,0.0,0.0,0.0,0.0,0.0,0.0,54.0,0.0,1.0,0.0,1.0,31.0,6.0,0.0,0.0,0.0,0.0,0.0,8.0,180.0,10.0,0.0,0.0,6.28
,,,0.0,17.0,0.0,1.0,,,,fd97a1ea7e973acf0219e5faacd418448ee6143c,,2018-01-02 14:21:58+01:00,,,,,1.0,meta/main.yml,,,1.0,17.0,0.0,,0.0,0.0,0.0,0.0,0.0,0.0,0.0,0.0,0.0,1.0,0.0,0.0,0.0,0.0,0.0,0.0,0.0,0.0,0.0,0.0,0.0,0.0,0.0,12.0,0.0,0.0,0.0,0.0,0.0,0.0,0.0,0.0,0.0,0.0,0.0,1.0,26.0,2.0,0.0,0.0,4.55
,,,0.0,5.0,0.0,1.0,,,,fd97a1ea7e973acf0219e5faacd418448ee6143c,,2018-01-02 14:21:58+01:00,,,,,0.0,handlers/main.yml,,,0.0,5.0,0.0,,0.0,0.0,0.0,0.0,0.0,0.0,0.0,0.0,1.0,0.0,0.0,0.0,0.0,0.0,0.0,0.0,0.0,0.0,0.0,0.0,0.0,0.0,0.0,5.0,0.0,0.0,0.0,0.0,3.0,0.0,0.0,0.0,0.0,0.0,0.0,1.0,11.0,2.0,0.0,0.0,3.28
,,,0.0,8.0,0.0,1.0,,,,fd97a1ea7e973acf0219e5faacd418448ee6143c,,2018-01-02 14:21:58+01:00,,,,,1.0,tasks/main.yml,,,7.0,62.0,0.0,,0.0,0.0,0.0,0.0,4.0,2.0,0.0,0.0,8.0,0.0,0.0,0.0,2.0,0.0,3.0,0.0,0.0,0.0,0.0,0.0,0.0,0.0,0.0,54.0,0.0,1.0,0.0,1.0,31.0,6.0,0.0,0.0,0.0,0.0,0.0,8.0,180.0,10.0,0.0,0.0,6.28
,,,0.0,17.0,0.0,1.0,,,,c7e013b8abcde6baa120822e04405c3aee90ed6b,,2018-01-02 14:22:43+01:00,,,,,1.0,meta/main.yml,,,1.0,17.0,0.0,,0.0,0.0,0.0,0.0,0.0,0.0,0.0,0.0,0.0,1.0,0.0,0.0,0.0,0.0,0.0,0.0,0.0,0.0,0.0,0.0,0.0,0.0,0.0,12.0,0.0,0.0,0.0,0.0,0.0,0.0,0.0,0.0,0.0,0.0,0.0,1.0,26.0,2.0,0.0,0.0,4.55
,,,0.0,5.0,0.0,1.0,,,,c7e013b8abcde6baa120822e04405c3aee90ed6b,,2018-01-02 14:22:43+01:00,,,,,0.0,handlers/main.yml,,,0.0,5.0,0.0,,0.0,0.0,0.0,0.0,0.0,0.0,0.0,0.0,1.0,0.0,0.0,0.0,0.0,0.0,0.0,0.0,0.0,0.0,0.0,0.0,0.0,0.0,0.0,5.0,0.0,0.0,0.0,0.0,3.0,0.0,0.0,0.0,0.0,0.0,0.0,1.0,11.0,2.0,0.0,0.0,3.28
,,,0.0,8.0,0.0,1.0,,,,c7e013b8abcde6baa120822e04405c3aee90ed6b,,2018-01-02 14:22:43+01:00,,,,,1.0,tasks/main.yml,,,7.0,62.0,0.0,,0.0,0.0,0.0,0.0,4.0,2.0,0.0,0.0,8.0,0.0,0.0,0.0,2.0,0.0,3.0,0.0,0.0,0.0,0.0,0.0,0.0,0.0,0.0,54.0,0.0,1.0,0.0,1.0,31.0,6.0,0.0,0.0,0.0,0.0,0.0,8.0,180.0,10.0,0.0,0.0,6.28
,,,0.0,17.0,1.0,3.0,,,,4c76f852334b03d2d6b21e1b4b77b8fdb6ac09b0,,2018-01-04 19:49:11+01:00,,,,,1.0,meta/main.yml,,,1.0,17.0,0.0,,0.0,0.0,0.0,0.0,0.0,0.0,0.0,0.0,0.0,1.0,0.0,0.0,0.0,0.0,0.0,0.0,0.0,0.0,0.0,0.0,0.0,0.0,0.0,12.0,0.0,0.0,0.0,0.0,0.0,0.0,0.0,0.0,0.0,0.0,0.0,1.0,26.0,2.0,0.0,0.0,4.55
,,,0.0,5.0,1.0,3.0,,,,4c76f852334b03d2d6b21e1b4b77b8fdb6ac09b0,,2018-01-04 19:49:11+01:00,,,,,0.0,handlers/main.yml,,,0.0,5.0,0.0,,0.0,0.0,0.0,0.0,0.0,0.0,0.0,0.0,1.0,0.0,0.0,0.0,0.0,0.0,0.0,0.0,0.0,0.0,0.0,0.0,0.0,0.0,0.0,5.0,0.0,0.0,0.0,0.0,3.0,0.0,0.0,0.0,0.0,0.0,0.0,1.0,11.0,2.0,0.0,0.0,3.28
,,,0.0,8.0,1.0,3.0,,,,4c76f852334b03d2d6b21e1b4b77b8fdb6ac09b0,,2018-01-04 19:49:11+01:00,,,,,1.0,tasks/main.yml,,,7.0,62.0,0.0,,0.0,0.0,0.0,0.0,4.0,2.0,0.0,0.0,8.0,0.0,0.0,0.0,2.0,0.0,3.0,0.0,0.0,0.0,0.0,0.0,0.0,0.0,0.0,54.0,0.0,1.0,0.0,1.0,31.0,6.0,0.0,0.0,0.0,0.0,0.0,8.0,180.0,10.0,0.0,0.0,6.28
,,,0.0,17.0,1.0,2.0,,,,bf7746b228fe7c5107c880dda6022bb4f81694f6,,2018-01-06 08:03:10+01:00,,,,,1.0,meta/main.yml,,,1.0,17.0,0.0,,0.0,0.0,0.0,0.0,0.0,0.0,0.0,0.0,0.0,1.0,0.0,0.0,0.0,0.0,0.0,0.0,0.0,0.0,0.0,0.0,0.0,0.0,0.0,12.0,0.0,0.0,0.0,0.0,0.0,0.0,0.0,0.0,0.0,0.0,0.0,1.0,26.0,2.0,0.0,0.0,4.55
,,,0.0,5.0,1.0,2.0,,,,bf7746b228fe7c5107c880dda6022bb4f81694f6,,2018-01-06 08:03:10+01:00,,,,,0.0,handlers/main.yml,,,0.0,5.0,0.0,,0.0,0.0,0.0,0.0,0.0,0.0,0.0,0.0,1.0,0.0,0.0,0.0,0.0,0.0,0.0,0.0,0.0,0.0,0.0,0.0,0.0,0.0,0.0,5.0,0.0,0.0,0.0,0.0,3.0,0.0,0.0,0.0,0.0,0.0,0.0,1.0,11.0,2.0,0.0,0.0,3.28
1.0,1.0,1.0,0.0,8.0,1.0,2.0,0.0,0.0,0.0,bf7746b228fe7c5107c880dda6022bb4f81694f6,1.0,2018-01-06 08:03:10+01:00,1.0,1.0,1.0,1.0,1.0,tasks/main.yml,100.0,1.0,7.0,62.0,0.0,0.0,0.0,0.0,0.0,0.0,4.0,2.0,0.0,0.0,8.0,0.0,0.0,0.0,2.0,0.0,3.0,0.0,0.0,0.0,0.0,0.0,0.0,0.0,0.0,54.0,0.0,1.0,0.0,1.0,31.0,6.0,0.0,0.0,0.0,0.0,0.0,8.0,180.0,10.0,0.0,0.0,6.27
,,,0.0,17.0,0.0,1.0,,,,42d17cc4249f3c2bdf2e3098d718fd37b25b43cc,,2018-01-08 17:55:29+01:00,,,,,1.0,meta/main.yml,,,1.0,17.0,0.0,,0.0,0.0,0.0,0.0,0.0,0.0,0.0,0.0,0.0,1.0,0.0,0.0,0.0,0.0,0.0,0.0,0.0,0.0,0.0,0.0,0.0,0.0,0.0,12.0,0.0,0.0,0.0,0.0,0.0,0.0,0.0,0.0,0.0,0.0,0.0,1.0,26.0,2.0,0.0,0.0,4.55
,,,0.0,5.0,0.0,1.0,,,,42d17cc4249f3c2bdf2e3098d718fd37b25b43cc,,2018-01-08 17:55:29+01:00,,,,,0.0,handlers/main.yml,,,0.0,5.0,0.0,,0.0,0.0,0.0,0.0,0.0,0.0,0.0,0.0,1.0,0.0,0.0,0.0,0.0,0.0,0.0,0.0,0.0,0.0,0.0,0.0,0.0,0.0,0.0,5.0,0.0,0.0,0.0,0.0,3.0,0.0,0.0,0.0,0.0,0.0,0.0,1.0,11.0,2.0,0.0,0.0,3.28
,,,0.0,8.0,0.0,1.0,,,,42d17cc4249f3c2bdf2e3098d718fd37b25b43cc,,2018-01-08 17:55:29+01:00,,,,,1.0,tasks/main.yml,,,7.0,62.0,0.0,,0.0,0.0,0.0,0.0,4.0,2.0,0.0,0.0,8.0,0.0,0.0,0.0,2.0,0.0,3.0,0.0,0.0,0.0,0.0,0.0,0.0,0.0,0.0,54.0,0.0,1.0,0.0,1.0,31.0,6.0,0.0,0.0,0.0,0.0,0.0,8.0,180.0,10.0,0.0,0.0,6.27
,,,0.0,17.0,1.0,1.0,,,,d561053a06fc3cd0938aff6a72273f2afc423816,,2018-01-09 12:51:23+01:00,,,,,1.0,meta/main.yml,,,1.0,17.0,0.0,,0.0,0.0,0.0,0.0,0.0,0.0,0.0,0.0,0.0,1.0,0.0,0.0,0.0,0.0,0.0,0.0,0.0,0.0,0.0,0.0,0.0,0.0,0.0,12.0,0.0,0.0,0.0,0.0,0.0,0.0,0.0,0.0,0.0,0.0,0.0,1.0,26.0,2.0,0.0,0.0,4.55
,,,0.0,5.0,1.0,1.0,,,,d561053a06fc3cd0938aff6a72273f2afc423816,,2018-01-09 12:51:23+01:00,,,,,0.0,handlers/main.yml,,,0.0,5.0,0.0,,0.0,0.0,0.0,0.0,0.0,0.0,0.0,0.0,1.0,0.0,0.0,0.0,0.0,0.0,0.0,0.0,0.0,0.0,0.0,0.0,0.0,0.0,0.0,5.0,0.0,0.0,0.0,0.0,3.0,0.0,0.0,0.0,0.0,0.0,0.0,1.0,11.0,2.0,0.0,0.0,3.28
7.0,4.0,6.0,0.0,8.0,1.0,1.0,3.0,6.0,6.0,d561053a06fc3cd0938aff6a72273f2afc423816,2.0,2018-01-09 12:51:23+01:00,2.0,1.0,0.0,1.0,1.0,tasks/main.yml,75.0,1.0,8.0,67.0,0.0,0.0,0.0,0.0,0.0,0.0,4.0,2.0,0.0,0.0,9.0,0.0,0.0,0.0,2.0,0.0,3.0,0.0,0.0,0.0,0.0,0.0,0.0,0.0,0.0,59.0,0.0,1.0,0.0,1.0,34.0,7.0,0.0,0.0,0.0,0.0,0.0,9.0,196.0,11.0,0.0,0.0,6.38
,,,0.0,17.0,0.0,1.0,,,,7631ca29aff01a5b3709f9e2427243ff5e96923d,,2018-01-13 13:05:44+01:00,,,,,1.0,meta/main.yml,,,1.0,17.0,0.0,,0.0,0.0,0.0,0.0,0.0,0.0,0.0,0.0,0.0,1.0,0.0,0.0,0.0,0.0,0.0,0.0,0.0,0.0,0.0,0.0,0.0,0.0,0.0,12.0,0.0,0.0,0.0,0.0,0.0,0.0,0.0,0.0,0.0,0.0,0.0,1.0,26.0,2.0,0.0,0.0,4.55
,,,0.0,5.0,0.0,1.0,,,,7631ca29aff01a5b3709f9e2427243ff5e96923d,,2018-01-13 13:05:44+01:00,,,,,0.0,handlers/main.yml,,,0.0,5.0,0.0,,0.0,0.0,0.0,0.0,0.0,0.0,0.0,0.0,1.0,0.0,0.0,0.0,0.0,0.0,0.0,0.0,0.0,0.0,0.0,0.0,0.0,0.0,0.0,5.0,0.0,0.0,0.0,0.0,3.0,0.0,0.0,0.0,0.0,0.0,0.0,1.0,11.0,2.0,0.0,0.0,3.28
2.0,1.0,1.0,0.0,8.0,0.0,1.0,0.0,1.0,1.0,7631ca29aff01a5b3709f9e2427243ff5e96923d,2.0,2018-01-13 13:05:44+01:00,1.0,1.0,0.0,1.0,1.0,tasks/main.yml,100.0,1.0,8.0,68.0,0.0,0.0,0.0,0.0,0.0,0.0,4.0,2.0,0.0,0.0,9.0,0.0,0.0,0.0,2.0,0.0,3.0,0.0,0.0,0.0,0.0,0.0,0.0,0.0,0.0,60.0,0.0,1.0,0.0,1.0,35.0,7.0,0.0,0.0,0.0,0.0,0.0,9.0,198.0,11.0,0.0,0.0,6.4
,,,0.0,17.0,1.0,2.0,,,,2e4b28a849ddd7b1f651fefa8a3774904dc492e0,,2018-01-13 17:03:39+01:00,,,,,1.0,meta/main.yml,,,1.0,17.0,0.0,,0.0,0.0,0.0,0.0,0.0,0.0,0.0,0.0,0.0,1.0,0.0,0.0,0.0,0.0,0.0,0.0,0.0,0.0,0.0,0.0,0.0,0.0,0.0,12.0,0.0,0.0,0.0,0.0,0.0,0.0,0.0,0.0,0.0,0.0,0.0,1.0,26.0,2.0,0.0,0.0,4.55
,,,0.0,5.0,1.0,2.0,,,,2e4b28a849ddd7b1f651fefa8a3774904dc492e0,,2018-01-13 17:03:39+01:00,,,,,0.0,handlers/main.yml,,,0.0,5.0,0.0,,0.0,0.0,0.0,0.0,0.0,0.0,0.0,0.0,1.0,0.0,0.0,0.0,0.0,0.0,0.0,0.0,0.0,0.0,0.0,0.0,0.0,0.0,0.0,5.0,0.0,0.0,0.0,0.0,3.0,0.0,0.0,0.0,0.0,0.0,0.0,1.0,11.0,2.0,0.0,0.0,3.28
2.0,2.0,2.0,0.0,7.0,1.0,2.0,2.0,2.0,2.0,2e4b28a849ddd7b1f651fefa8a3774904dc492e0,1.0,2018-01-13 17:03:39+01:00,1.0,0.0,0.0,0.0,1.0,tasks/main.yml,100.0,1.0,9.0,69.0,0.0,0.0,0.0,0.0,0.0,0.0,4.0,2.0,0.0,0.0,10.0,0.0,0.0,0.0,2.0,0.0,3.0,0.0,0.0,0.0,0.0,1.0,0.0,0.0,0.0,61.0,0.0,1.0,0.0,1.0,35.0,7.0,0.0,0.0,0.0,0.0,0.0,10.0,200.0,11.0,0.0,0.0,6.43
6.0,6.0,6.0,0.0,5.0,1.0,2.0,6.0,6.0,6.0,2e4b28a849ddd7b1f651fefa8a3774904dc492e0,1.0,2018-01-13 17:03:39+01:00,1.0,0.0,0.0,0.0,0.0,tasks/preflight.yml,100.0,1.0,0.0,5.0,0.0,0.0,0.0,0.0,0.0,0.0,1.0,0.0,0.0,0.0,1.0,0.0,0.0,0.0,0.0,0.0,0.0,0.0,0.0,0.0,0.0,0.0,0.0,0.0,0.0,5.0,0.0,1.0,0.0,0.0,1.0,0.0,0.0,0.0,0.0,0.0,0.0,1.0,24.0,1.0,0.0,0.0,4.42
10.0,10.0,10.0,0.0,25.0,4.0,6.0,9.0,9.0,9.0,9a65ab2d7edefcd6e0ac7a78d21149df5a4af13f,1.0,2018-01-14 21:57:35+01:00,1.0,1.0,1.0,1.0,1.0,meta/main.yml,100.0,4.0,2.0,25.0,0.0,0.0,0.0,0.0,0.0,0.0,0.0,0.0,0.0,0.0,0.0,1.0,0.0,0.0,0.0,0.0,0.0,0.0,0.0,0.0,0.0,0.0,0.0,0.0,0.0,16.0,0.0,0.0,0.0,0.0,0.0,0.0,0.0,0.0,0.0,0.0,0.0,1.0,38.0,4.0,0.0,0.0,4.83
,,,0.0,5.0,4.0,6.0,,,,9a65ab2d7edefcd6e0ac7a78d21149df5a4af13f,,2018-01-14 21:57:35+01:00,,,,,0.0,handlers/main.yml,,,0.0,5.0,0.0,,0.0,0.0,0.0,0.0,0.0,0.0,0.0,0.0,1.0,0.0,0.0,0.0,0.0,0.0,0.0,0.0,0.0,0.0,0.0,0.0,0.0,0.0,0.0,5.0,0.0,0.0,0.0,0.0,3.0,0.0,0.0,0.0,0.0,0.0,0.0,1.0,11.0,2.0,0.0,0.0,3.28
8.0,4.0,6.0,0.0,7.0,4.0,6.0,4.0,8.0,6.0,9a65ab2d7edefcd6e0ac7a78d21149df5a4af13f,2.0,2018-01-14 21:57:35+01:00,2.0,0.0,0.0,0.0,1.0,tasks/main.yml,75.0,1.0,10.0,74.0,0.0,0.0,0.0,0.0,0.0,0.0,5.0,2.0,0.0,0.0,11.0,0.0,0.0,0.0,2.0,0.0,3.0,0.0,0.0,0.0,0.0,1.0,0.0,0.0,0.0,66.0,0.0,1.0,0.0,1.0,37.0,7.0,0.0,0.0,0.0,0.0,0.0,11.0,217.0,13.0,0.0,0.0,6.48
6.0,6.0,6.0,0.0,5.0,4.0,6.0,6.0,6.0,6.0,9a65ab2d7edefcd6e0ac7a78d21149df5a4af13f,1.0,2018-01-14 21:57:35+01:00,1.0,0.0,0.0,0.0,0.0,tasks/preflight.yml,100.0,1.0,0.0,5.0,0.0,0.0,0.0,0.0,0.0,0.0,1.0,0.0,0.0,0.0,1.0,0.0,0.0,0.0,0.0,0.0,0.0,0.0,0.0,0.0,0.0,0.0,0.0,0.0,0.0,5.0,0.0,1.0,0.0,0.0,1.0,0.0,0.0,0.0,0.0,0.0,0.0,1.0,24.0,1.0,0.0,0.0,4.42
10.0,10.0,10.0,0.0,25.0,2.0,6.0,9.0,9.0,9.0,e7ba5faed61be686ad983b31da97dff1d2916a37,1.0,2018-02-14 08:17:37+01:00,1.0,1.0,1.0,1.0,1.0,meta/main.yml,100.0,4.0,2.0,25.0,0.0,0.0,0.0,0.0,0.0,0.0,0.0,0.0,0.0,0.0,0.0,1.0,0.0,0.0,0.0,0.0,0.0,0.0,0.0,0.0,0.0,0.0,0.0,0.0,0.0,16.0,0.0,0.0,0.0,0.0,0.0,0.0,0.0,0.0,0.0,0.0,0.0,1.0,38.0,4.0,0.0,0.0,4.83
1.0,1.0,1.0,0.0,6.0,2.0,6.0,1.0,1.0,1.0,e7ba5faed61be686ad983b31da97dff1d2916a37,1.0,2018-02-14 08:17:37+01:00,1.0,0.0,0.0,0.0,0.0,handlers/main.yml,100.0,1.0,0.0,6.0,0.0,0.0,0.0,0.0,0.0,0.0,0.0,0.0,0.0,0.0,1.0,0.0,0.0,0.0,0.0,0.0,0.0,0.0,0.0,0.0,0.0,0.0,0.0,0.0,0.0,6.0,0.0,0.0,0.0,0.0,3.0,0.0,0.0,0.0,0.0,0.0,0.0,1.0,13.0,2.0,0.0,0.0,3.39
6.0,6.0,6.0,0.0,7.0,2.0,6.0,6.0,6.0,6.0,e7ba5faed61be686ad983b31da97dff1d2916a37,1.0,2018-02-14 08:17:37+01:00,1.0,0.0,0.0,0.0,1.0,tasks/main.yml,100.0,1.0,10.0,74.0,0.0,0.0,0.0,0.0,0.0,0.0,5.0,2.0,0.0,0.0,11.0,0.0,0.0,0.0,2.0,0.0,3.0,0.0,0.0,0.0,0.0,1.0,0.0,0.0,0.0,66.0,0.0,1.0,0.0,1.0,37.0,7.0,0.0,0.0,0.0,0.0,0.0,11.0,217.0,13.0,0.0,0.0,6.48
,,,0.0,5.0,2.0,6.0,,,,e7ba5faed61be686ad983b31da97dff1d2916a37,,2018-02-14 08:17:37+01:00,,,,,0.0,tasks/preflight.yml,,,0.0,5.0,0.0,,0.0,0.0,0.0,0.0,1.0,0.0,0.0,0.0,1.0,0.0,0.0,0.0,0.0,0.0,0.0,0.0,0.0,0.0,0.0,0.0,0.0,0.0,0.0,5.0,0.0,1.0,0.0,0.0,1.0,0.0,0.0,0.0,0.0,0.0,0.0,1.0,24.0,1.0,0.0,0.0,4.42
,,,0.0,25.0,1.0,4.0,,,,e498061a05878938694d3691ed93b119420f5245,,2018-02-18 10:04:19+01:00,,,,,1.0,meta/main.yml,,,2.0,25.0,0.0,,0.0,0.0,0.0,0.0,0.0,0.0,0.0,0.0,0.0,1.0,0.0,0.0,0.0,0.0,0.0,0.0,0.0,0.0,0.0,0.0,0.0,0.0,0.0,16.0,0.0,0.0,0.0,0.0,0.0,0.0,0.0,0.0,0.0,0.0,0.0,1.0,38.0,4.0,0.0,0.0,4.83
,,,0.0,6.0,1.0,4.0,,,,e498061a05878938694d3691ed93b119420f5245,,2018-02-18 10:04:19+01:00,,,,,0.0,handlers/main.yml,,,0.0,6.0,0.0,,0.0,0.0,0.0,0.0,0.0,0.0,0.0,0.0,1.0,0.0,0.0,0.0,0.0,0.0,0.0,0.0,0.0,0.0,0.0,0.0,0.0,0.0,0.0,6.0,0.0,0.0,0.0,0.0,3.0,0.0,0.0,0.0,0.0,0.0,0.0,1.0,13.0,2.0,0.0,0.0,3.39
3.0,2.0,2.0,0.0,7.0,1.0,4.0,0.0,-1.0,0.0,e498061a05878938694d3691ed93b119420f5245,2.0,2018-02-18 10:04:19+01:00,1.0,4.0,2.0,2.0,1.0,tasks/main.yml,100.0,2.0,10.0,73.0,0.0,0.0,0.0,0.0,0.0,0.0,4.0,1.0,0.0,0.0,11.0,0.0,0.0,0.0,2.0,0.0,3.0,0.0,0.0,0.0,0.0,1.0,0.0,0.0,0.0,66.0,0.0,1.0,0.0,1.0,37.0,7.0,0.0,0.0,0.0,0.0,0.0,11.0,214.0,13.0,0.0,0.0,6.46
,,,0.0,5.0,1.0,4.0,,,,e498061a05878938694d3691ed93b119420f5245,,2018-02-18 10:04:19+01:00,,,,,0.0,tasks/preflight.yml,,,0.0,5.0,0.0,,0.0,0.0,0.0,0.0,1.0,0.0,0.0,0.0,1.0,0.0,0.0,0.0,0.0,0.0,0.0,0.0,0.0,0.0,0.0,0.0,0.0,0.0,0.0,5.0,0.0,1.0,0.0,0.0,1.0,0.0,0.0,0.0,0.0,0.0,0.0,1.0,24.0,1.0,0.0,0.0,4.42
,,,0.0,25.0,0.0,1.0,,,,f0a1bee350f4fd7b0e885770b38a06a719ce5f53,,2018-03-05 19:03:52+01:00,,,,,1.0,meta/main.yml,,,2.0,25.0,0.0,,0.0,0.0,0.0,0.0,0.0,0.0,0.0,0.0,0.0,1.0,0.0,0.0,0.0,0.0,0.0,0.0,0.0,0.0,0.0,0.0,0.0,0.0,0.0,16.0,0.0,0.0,0.0,0.0,0.0,0.0,0.0,0.0,0.0,0.0,0.0,1.0,38.0,4.0,0.0,0.0,4.83
,,,0.0,6.0,0.0,1.0,,,,f0a1bee350f4fd7b0e885770b38a06a719ce5f53,,2018-03-05 19:03:52+01:00,,,,,0.0,handlers/main.yml,,,0.0,6.0,0.0,,0.0,0.0,0.0,0.0,0.0,0.0,0.0,0.0,1.0,0.0,0.0,0.0,0.0,0.0,0.0,0.0,0.0,0.0,0.0,0.0,0.0,0.0,0.0,6.0,0.0,0.0,0.0,0.0,3.0,0.0,0.0,0.0,0.0,0.0,0.0,1.0,13.0,2.0,0.0,0.0,3.39
,,,0.0,7.0,0.0,1.0,,,,f0a1bee350f4fd7b0e885770b38a06a719ce5f53,,2018-03-05 19:03:52+01:00,,,,,1.0,tasks/main.yml,,,10.0,73.0,0.0,,0.0,0.0,0.0,0.0,4.0,1.0,0.0,0.0,11.0,0.0,0.0,0.0,2.0,0.0,3.0,0.0,0.0,0.0,0.0,1.0,0.0,0.0,0.0,66.0,0.0,1.0,0.0,1.0,37.0,7.0,0.0,0.0,0.0,0.0,0.0,11.0,214.0,13.0,0.0,0.0,6.46
1.0,1.0,1.0,0.0,5.0,0.0,1.0,0.0,0.0,0.0,f0a1bee350f4fd7b0e885770b38a06a719ce5f53,1.0,2018-03-05 19:03:52+01:00,1.0,1.0,1.0,1.0,0.0,tasks/preflight.yml,100.0,1.0,0.0,5.0,0.0,0.0,0.0,0.0,0.0,0.0,1.0,0.0,0.0,0.0,1.0,0.0,0.0,0.0,0.0,0.0,0.0,0.0,0.0,0.0,0.0,0.0,0.0,0.0,0.0,5.0,0.0,1.0,0.0,0.0,1.0,0.0,0.0,0.0,0.0,0.0,0.0,1.0,20.0,1.0,0.0,0.0,4.32
1.0,1.0,1.0,0.0,25.0,1.0,3.0,0.0,0.0,0.0,041b0e2077bf6a5ca90a04c37de03cb3eba0b0d1,1.0,2018-03-24 16:08:51+01:00,1.0,1.0,1.0,1.0,1.0,meta/main.yml,100.0,1.0,2.0,25.0,0.0,0.0,0.0,0.0,0.0,0.0,0.0,0.0,0.0,0.0,0.0,1.0,0.0,0.0,0.0,0.0,0.0,0.0,0.0,0.0,0.0,0.0,0.0,0.0,0.0,16.0,0.0,0.0,0.0,0.0,0.0,0.0,0.0,0.0,0.0,0.0,0.0,1.0,38.0,4.0,0.0,0.0,4.83
,,,0.0,6.0,1.0,3.0,,,,041b0e2077bf6a5ca90a04c37de03cb3eba0b0d1,,2018-03-24 16:08:51+01:00,,,,,0.0,handlers/main.yml,,,0.0,6.0,0.0,,0.0,0.0,0.0,0.0,0.0,0.0,0.0,0.0,1.0,0.0,0.0,0.0,0.0,0.0,0.0,0.0,0.0,0.0,0.0,0.0,0.0,0.0,0.0,6.0,0.0,0.0,0.0,0.0,3.0,0.0,0.0,0.0,0.0,0.0,0.0,1.0,13.0,2.0,0.0,0.0,3.39
,,,0.0,7.0,1.0,3.0,,,,041b0e2077bf6a5ca90a04c37de03cb3eba0b0d1,,2018-03-24 16:08:51+01:00,,,,,1.0,tasks/main.yml,,,10.0,73.0,0.0,,0.0,0.0,0.0,0.0,4.0,1.0,0.0,0.0,11.0,0.0,0.0,0.0,2.0,0.0,3.0,0.0,0.0,0.0,0.0,1.0,0.0,0.0,0.0,66.0,0.0,1.0,0.0,1.0,37.0,7.0,0.0,0.0,0.0,0.0,0.0,11.0,214.0,13.0,0.0,0.0,6.46
,,,0.0,5.0,1.0,3.0,,,,041b0e2077bf6a5ca90a04c37de03cb3eba0b0d1,,2018-03-24 16:08:51+01:00,,,,,0.0,tasks/preflight.yml,,,0.0,5.0,0.0,,0.0,0.0,0.0,0.0,1.0,0.0,0.0,0.0,1.0,0.0,0.0,0.0,0.0,0.0,0.0,0.0,0.0,0.0,0.0,0.0,0.0,0.0,0.0,5.0,0.0,1.0,0.0,0.0,1.0,0.0,0.0,0.0,0.0,0.0,0.0,1.0,20.0,1.0,0.0,0.0,4.32
1.0,1.0,1.0,0.0,26.0,1.0,4.0,1.0,1.0,1.0,2340ae03eb6c254093ce40389b5ed29dc5da8304,1.0,2018-03-26 08:36:41+02:00,1.0,0.0,0.0,0.0,1.0,meta/main.yml,100.0,1.0,2.0,26.0,0.0,0.0,0.0,0.0,0.0,0.0,0.0,0.0,0.0,0.0,0.0,1.0,0.0,0.0,0.0,0.0,0.0,0.0,0.0,0.0,0.0,0.0,0.0,0.0,0.0,16.0,0.0,0.0,0.0,0.0,0.0,0.0,0.0,0.0,0.0,0.0,0.0,1.0,39.0,4.0,0.0,0.0,4.88
,,,0.0,6.0,1.0,4.0,,,,2340ae03eb6c254093ce40389b5ed29dc5da8304,,2018-03-26 08:36:41+02:00,,,,,0.0,handlers/main.yml,,,0.0,6.0,0.0,,0.0,0.0,0.0,0.0,0.0,0.0,0.0,0.0,1.0,0.0,0.0,0.0,0.0,0.0,0.0,0.0,0.0,0.0,0.0,0.0,0.0,0.0,0.0,6.0,0.0,0.0,0.0,0.0,3.0,0.0,0.0,0.0,0.0,0.0,0.0,1.0,13.0,2.0,0.0,0.0,3.39
,,,0.0,7.0,1.0,4.0,,,,2340ae03eb6c254093ce40389b5ed29dc5da8304,,2018-03-26 08:36:41+02:00,,,,,1.0,tasks/main.yml,,,10.0,73.0,0.0,,0.0,0.0,0.0,0.0,4.0,1.0,0.0,0.0,11.0,0.0,0.0,0.0,2.0,0.0,3.0,0.0,0.0,0.0,0.0,1.0,0.0,0.0,0.0,66.0,0.0,1.0,0.0,1.0,37.0,7.0,0.0,0.0,0.0,0.0,0.0,11.0,214.0,13.0,0.0,0.0,6.46
,,,0.0,5.0,1.0,4.0,,,,2340ae03eb6c254093ce40389b5ed29dc5da8304,,2018-03-26 08:36:41+02:00,,,,,0.0,tasks/preflight.yml,,,0.0,5.0,0.0,,0.0,0.0,0.0,0.0,1.0,0.0,0.0,0.0,1.0,0.0,0.0,0.0,0.0,0.0,0.0,0.0,0.0,0.0,0.0,0.0,0.0,0.0,0.0,5.0,0.0,1.0,0.0,0.0,1.0,0.0,0.0,0.0,0.0,0.0,0.0,1.0,20.0,1.0,0.0,0.0,4.32
,,,0.0,26.0,1.0,1.0,,,,a4f8c3b15334746f1e44619a408beba11c702b30,,2018-03-30 12:08:50+02:00,,,,,1.0,meta/main.yml,,,2.0,26.0,0.0,,0.0,0.0,0.0,0.0,0.0,0.0,0.0,0.0,0.0,1.0,0.0,0.0,0.0,0.0,0.0,0.0,0.0,0.0,0.0,0.0,0.0,0.0,0.0,16.0,0.0,0.0,0.0,0.0,0.0,0.0,0.0,0.0,0.0,0.0,0.0,1.0,39.0,4.0,0.0,0.0,4.88
,,,0.0,6.0,1.0,1.0,,,,a4f8c3b15334746f1e44619a408beba11c702b30,,2018-03-30 12:08:50+02:00,,,,,0.0,handlers/main.yml,,,0.0,6.0,0.0,,0.0,0.0,0.0,0.0,0.0,0.0,0.0,0.0,1.0,0.0,0.0,0.0,0.0,0.0,0.0,0.0,0.0,0.0,0.0,0.0,0.0,0.0,0.0,6.0,0.0,0.0,0.0,0.0,3.0,0.0,0.0,0.0,0.0,0.0,0.0,1.0,13.0,2.0,0.0,0.0,3.39
1.0,1.0,1.0,0.0,7.0,1.0,1.0,1.0,1.0,1.0,a4f8c3b15334746f1e44619a408beba11c702b30,1.0,2018-03-30 12:08:50+02:00,1.0,0.0,0.0,0.0,1.0,tasks/main.yml,100.0,1.0,10.0,74.0,0.0,0.0,0.0,0.0,0.0,0.0,5.0,2.0,0.0,0.0,11.0,0.0,0.0,0.0,2.0,0.0,3.0,0.0,0.0,0.0,0.0,1.0,0.0,0.0,0.0,67.0,0.0,1.0,0.0,1.0,37.0,7.0,0.0,0.0,0.0,0.0,0.0,11.0,217.0,13.0,0.0,0.0,6.49
,,,0.0,5.0,1.0,1.0,,,,a4f8c3b15334746f1e44619a408beba11c702b30,,2018-03-30 12:08:50+02:00,,,,,0.0,tasks/preflight.yml,,,0.0,5.0,0.0,,0.0,0.0,0.0,0.0,1.0,0.0,0.0,0.0,1.0,0.0,0.0,0.0,0.0,0.0,0.0,0.0,0.0,0.0,0.0,0.0,0.0,0.0,0.0,5.0,0.0,1.0,0.0,0.0,1.0,0.0,0.0,0.0,0.0,0.0,0.0,1.0,20.0,1.0,0.0,0.0,4.32
,,,0.0,26.0,0.0,1.0,,,,cf9bd49ae883585865d313d95f5ba120e5eee901,,2018-04-02 09:45:25+02:00,,,,,1.0,meta/main.yml,,,2.0,26.0,0.0,,0.0,0.0,0.0,0.0,0.0,0.0,0.0,0.0,0.0,1.0,0.0,0.0,0.0,0.0,0.0,0.0,0.0,0.0,0.0,0.0,0.0,0.0,0.0,16.0,0.0,0.0,0.0,0.0,0.0,0.0,0.0,0.0,0.0,0.0,0.0,1.0,39.0,4.0,0.0,0.0,4.88
,,,0.0,6.0,0.0,1.0,,,,cf9bd49ae883585865d313d95f5ba120e5eee901,,2018-04-02 09:45:25+02:00,,,,,0.0,handlers/main.yml,,,0.0,6.0,0.0,,0.0,0.0,0.0,0.0,0.0,0.0,0.0,0.0,1.0,0.0,0.0,0.0,0.0,0.0,0.0,0.0,0.0,0.0,0.0,0.0,0.0,0.0,0.0,6.0,0.0,0.0,0.0,0.0,3.0,0.0,0.0,0.0,0.0,0.0,0.0,1.0,13.0,2.0,0.0,0.0,3.39
4.0,4.0,4.0,0.0,7.0,0.0,1.0,4.0,4.0,4.0,cf9bd49ae883585865d313d95f5ba120e5eee901,1.0,2018-04-02 09:45:25+02:00,1.0,0.0,0.0,0.0,1.0,tasks/main.yml,100.0,1.0,10.0,78.0,0.0,0.0,0.0,0.0,0.0,0.0,5.0,2.0,0.0,0.0,11.0,0.0,0.0,0.0,2.0,0.0,3.0,0.0,0.0,0.0,0.0,1.0,0.0,0.0,0.0,71.0,0.0,1.0,0.0,1.0,37.0,7.0,0.0,0.0,0.0,0.0,0.0,11.0,227.0,13.0,0.0,1.0,6.58
,,,0.0,5.0,0.0,1.0,,,,cf9bd49ae883585865d313d95f5ba120e5eee901,,2018-04-02 09:45:25+02:00,,,,,0.0,tasks/preflight.yml,,,0.0,5.0,0.0,,0.0,0.0,0.0,0.0,1.0,0.0,0.0,0.0,1.0,0.0,0.0,0.0,0.0,0.0,0.0,0.0,0.0,0.0,0.0,0.0,0.0,0.0,0.0,5.0,0.0,1.0,0.0,0.0,1.0,0.0,0.0,0.0,0.0,0.0,0.0,1.0,20.0,1.0,0.0,0.0,4.32
,,,0.0,26.0,1.0,1.0,,,,f8b5def71b9e11ac9120e21e515dd1c15c5d7d1e,,2018-04-05 16:26:02+02:00,,,,,1.0,meta/main.yml,,,2.0,26.0,0.0,,0.0,0.0,0.0,0.0,0.0,0.0,0.0,0.0,0.0,1.0,0.0,0.0,0.0,0.0,0.0,0.0,0.0,0.0,0.0,0.0,0.0,0.0,0.0,16.0,0.0,0.0,0.0,0.0,0.0,0.0,0.0,0.0,0.0,0.0,0.0,1.0,39.0,4.0,0.0,0.0,4.88
,,,0.0,6.0,1.0,1.0,,,,f8b5def71b9e11ac9120e21e515dd1c15c5d7d1e,,2018-04-05 16:26:02+02:00,,,,,0.0,handlers/main.yml,,,0.0,6.0,0.0,,0.0,0.0,0.0,0.0,0.0,0.0,0.0,0.0,1.0,0.0,0.0,0.0,0.0,0.0,0.0,0.0,0.0,0.0,0.0,0.0,0.0,0.0,0.0,6.0,0.0,0.0,0.0,0.0,3.0,0.0,0.0,0.0,0.0,0.0,0.0,1.0,13.0,2.0,0.0,0.0,3.39
4.0,4.0,4.0,0.0,7.0,1.0,1.0,4.0,4.0,4.0,f8b5def71b9e11ac9120e21e515dd1c15c5d7d1e,1.0,2018-04-05 16:26:02+02:00,1.0,0.0,0.0,0.0,1.0,tasks/main.yml,100.0,1.0,10.0,78.0,0.0,0.0,0.0,0.0,0.0,0.0,5.0,2.0,0.0,0.0,11.0,0.0,0.0,0.0,2.0,0.0,3.0,0.0,0.0,0.0,0.0,1.0,0.0,0.0,0.0,71.0,0.0,1.0,0.0,1.0,37.0,7.0,0.0,0.0,0.0,0.0,0.0,11.0,227.0,13.0,0.0,1.0,6.58
,,,0.0,5.0,1.0,1.0,,,,f8b5def71b9e11ac9120e21e515dd1c15c5d7d1e,,2018-04-05 16:26:02+02:00,,,,,0.0,tasks/preflight.yml,,,0.0,5.0,0.0,,0.0,0.0,0.0,0.0,1.0,0.0,0.0,0.0,1.0,0.0,0.0,0.0,0.0,0.0,0.0,0.0,0.0,0.0,0.0,0.0,0.0,0.0,0.0,5.0,0.0,1.0,0.0,0.0,1.0,0.0,0.0,0.0,0.0,0.0,0.0,1.0,20.0,1.0,0.0,0.0,4.32
,,,0.0,26.0,0.0,1.0,,,,41838d3654e45ecc96d7a16d53983912051277f8,,2018-04-06 13:12:03+02:00,,,,,1.0,meta/main.yml,,,2.0,26.0,0.0,,0.0,0.0,0.0,0.0,0.0,0.0,0.0,0.0,0.0,1.0,0.0,0.0,0.0,0.0,0.0,0.0,0.0,0.0,0.0,0.0,0.0,0.0,0.0,16.0,0.0,0.0,0.0,0.0,0.0,0.0,0.0,0.0,0.0,0.0,0.0,1.0,39.0,4.0,0.0,0.0,4.88
,,,0.0,6.0,0.0,1.0,,,,41838d3654e45ecc96d7a16d53983912051277f8,,2018-04-06 13:12:03+02:00,,,,,0.0,handlers/main.yml,,,0.0,6.0,0.0,,0.0,0.0,0.0,0.0,0.0,0.0,0.0,0.0,1.0,0.0,0.0,0.0,0.0,0.0,0.0,0.0,0.0,0.0,0.0,0.0,0.0,0.0,0.0,6.0,0.0,0.0,0.0,0.0,3.0,0.0,0.0,0.0,0.0,0.0,0.0,1.0,13.0,2.0,0.0,0.0,3.39
1.0,1.0,1.0,0.0,7.0,0.0,1.0,0.0,0.0,0.0,41838d3654e45ecc96d7a16d53983912051277f8,1.0,2018-04-06 13:12:03+02:00,1.0,1.0,1.0,1.0,1.0,tasks/main.yml,100.0,1.0,10.0,78.0,0.0,0.0,0.0,0.0,0.0,0.0,5.0,2.0,0.0,0.0,11.0,0.0,0.0,0.0,2.0,0.0,3.0,0.0,0.0,0.0,0.0,1.0,0.0,0.0,0.0,71.0,0.0,1.0,0.0,1.0,37.0,7.0,0.0,0.0,0.0,0.0,0.0,11.0,227.0,13.0,0.0,1.0,6.59
,,,0.0,5.0,0.0,1.0,,,,41838d3654e45ecc96d7a16d53983912051277f8,,2018-04-06 13:12:03+02:00,,,,,0.0,tasks/preflight.yml,,,0.0,5.0,0.0,,0.0,0.0,0.0,0.0,1.0,0.0,0.0,0.0,1.0,0.0,0.0,0.0,0.0,0.0,0.0,0.0,0.0,0.0,0.0,0.0,0.0,0.0,0.0,5.0,0.0,1.0,0.0,0.0,1.0,0.0,0.0,0.0,0.0,0.0,0.0,1.0,20.0,1.0,0.0,0.0,4.32
,,,0.0,26.0,0.0,1.0,,,,ed923406c9face9c2819fb15dc109285edc3ecc3,,2018-04-12 16:05:02+02:00,,,,,1.0,meta/main.yml,,,2.0,26.0,0.0,,0.0,0.0,0.0,0.0,0.0,0.0,0.0,0.0,0.0,1.0,0.0,0.0,0.0,0.0,0.0,0.0,0.0,0.0,0.0,0.0,0.0,0.0,0.0,16.0,0.0,0.0,0.0,0.0,0.0,0.0,0.0,0.0,0.0,0.0,0.0,1.0,39.0,4.0,0.0,0.0,4.88
,,,0.0,6.0,0.0,1.0,,,,ed923406c9face9c2819fb15dc109285edc3ecc3,,2018-04-12 16:05:02+02:00,,,,,0.0,handlers/main.yml,,,0.0,6.0,0.0,,0.0,0.0,0.0,0.0,0.0,0.0,0.0,0.0,1.0,0.0,0.0,0.0,0.0,0.0,0.0,0.0,0.0,0.0,0.0,0.0,0.0,0.0,0.0,6.0,0.0,0.0,0.0,0.0,3.0,0.0,0.0,0.0,0.0,0.0,0.0,1.0,13.0,2.0,0.0,0.0,3.39
2.0,2.0,2.0,0.0,8.0,0.0,1.0,2.0,2.0,2.0,ed923406c9face9c2819fb15dc109285edc3ecc3,1.0,2018-04-12 16:05:02+02:00,1.0,0.0,0.0,0.0,1.0,tasks/main.yml,100.0,1.0,10.0,80.0,0.0,0.0,0.0,0.0,0.0,0.0,6.0,3.0,0.0,0.0,11.0,0.0,0.0,0.0,2.0,0.0,3.0,0.0,0.0,0.0,0.0,1.0,0.0,0.0,0.0,72.0,0.0,1.0,0.0,1.0,37.0,7.0,0.0,0.0,0.0,0.0,0.0,11.0,230.0,13.0,0.0,1.0,6.59
,,,0.0,5.0,0.0,1.0,,,,ed923406c9face9c2819fb15dc109285edc3ecc3,,2018-04-12 16:05:02+02:00,,,,,0.0,tasks/preflight.yml,,,0.0,5.0,0.0,,0.0,0.0,0.0,0.0,1.0,0.0,0.0,0.0,1.0,0.0,0.0,0.0,0.0,0.0,0.0,0.0,0.0,0.0,0.0,0.0,0.0,0.0,0.0,5.0,0.0,1.0,0.0,0.0,1.0,0.0,0.0,0.0,0.0,0.0,0.0,1.0,20.0,1.0,0.0,0.0,4.32
,,,0.0,26.0,0.0,1.0,,,,16310e694cedb2a089e6b616a93593e96d393dba,,2018-04-13 17:23:45+02:00,,,,,1.0,meta/main.yml,,,2.0,26.0,0.0,,0.0,0.0,0.0,0.0,0.0,0.0,0.0,0.0,0.0,1.0,0.0,0.0,0.0,0.0,0.0,0.0,0.0,0.0,0.0,0.0,0.0,0.0,0.0,16.0,0.0,0.0,0.0,0.0,0.0,0.0,0.0,0.0,0.0,0.0,0.0,1.0,39.0,4.0,0.0,0.0,4.88
,,,0.0,6.0,0.0,1.0,,,,16310e694cedb2a089e6b616a93593e96d393dba,,2018-04-13 17:23:45+02:00,,,,,0.0,handlers/main.yml,,,0.0,6.0,0.0,,0.0,0.0,0.0,0.0,0.0,0.0,0.0,0.0,1.0,0.0,0.0,0.0,0.0,0.0,0.0,0.0,0.0,0.0,0.0,0.0,0.0,0.0,0.0,6.0,0.0,0.0,0.0,0.0,3.0,0.0,0.0,0.0,0.0,0.0,0.0,1.0,13.0,2.0,0.0,0.0,3.39
,,,0.0,8.0,0.0,1.0,,,,16310e694cedb2a089e6b616a93593e96d393dba,,2018-04-13 17:23:45+02:00,,,,,1.0,tasks/main.yml,,,10.0,80.0,0.0,,0.0,0.0,0.0,0.0,6.0,3.0,0.0,0.0,11.0,0.0,0.0,0.0,2.0,0.0,3.0,0.0,0.0,0.0,0.0,1.0,0.0,0.0,0.0,72.0,0.0,1.0,0.0,1.0,37.0,7.0,0.0,0.0,0.0,0.0,0.0,11.0,230.0,13.0,0.0,1.0,6.59
,,,0.0,5.0,0.0,1.0,,,,16310e694cedb2a089e6b616a93593e96d393dba,,2018-04-13 17:23:45+02:00,,,,,0.0,tasks/preflight.yml,,,0.0,5.0,0.0,,0.0,0.0,0.0,0.0,1.0,0.0,0.0,0.0,1.0,0.0,0.0,0.0,0.0,0.0,0.0,0.0,0.0,0.0,0.0,0.0,0.0,0.0,0.0,5.0,0.0,1.0,0.0,0.0,1.0,0.0,0.0,0.0,0.0,0.0,0.0,1.0,20.0,1.0,0.0,0.0,4.32
7.0,7.0,7.0,0.0,7.0,3.0,15.0,7.0,7.0,7.0,b133dbdec344ca140516b2209fa82f25e1b0e3f4,1.0,2018-05-23 13:16:57+02:00,1.0,0.0,0.0,0.0,0.0,tasks/preflight.yml,100.0,1.0,1.0,11.0,0.0,0.0,0.0,0.0,0.0,0.0,2.0,0.0,0.0,0.0,2.0,0.0,0.0,0.0,0.0,0.0,2.0,0.0,0.0,0.0,0.0,0.0,0.0,0.0,0.0,10.0,0.0,2.0,0.0,1.0,2.0,0.0,0.0,0.0,0.0,0.0,0.0,2.0,58.0,2.0,0.0,0.0,5.19
1.0,1.0,1.0,0.0,6.0,3.0,15.0,0.0,0.0,0.0,b133dbdec344ca140516b2209fa82f25e1b0e3f4,1.0,2018-05-23 13:16:57+02:00,1.0,1.0,1.0,1.0,0.0,handlers/main.yml,100.0,1.0,0.0,6.0,0.0,0.0,0.0,0.0,0.0,0.0,0.0,0.0,0.0,0.0,1.0,0.0,0.0,0.0,0.0,0.0,0.0,0.0,0.0,0.0,0.0,0.0,0.0,0.0,0.0,6.0,0.0,0.0,0.0,0.0,3.0,0.0,0.0,0.0,0.0,0.0,0.0,1.0,13.0,2.0,0.0,0.0,3.39
,,,0.0,26.0,3.0,15.0,,,,b133dbdec344ca140516b2209fa82f25e1b0e3f4,,2018-05-23 13:16:57+02:00,,,,,1.0,meta/main.yml,,,2.0,26.0,0.0,,0.0,0.0,0.0,0.0,0.0,0.0,0.0,0.0,0.0,1.0,0.0,0.0,0.0,0.0,0.0,0.0,0.0,0.0,0.0,0.0,0.0,0.0,0.0,16.0,0.0,0.0,0.0,0.0,0.0,0.0,0.0,0.0,0.0,0.0,0.0,1.0,39.0,4.0,0.0,0.0,4.88
23.0,8.0,14.0,0.0,8.0,3.0,15.0,3.0,9.0,9.0,b133dbdec344ca140516b2209fa82f25e1b0e3f4,3.0,2018-05-23 13:16:57+02:00,2.0,14.0,5.0,7.0,0.0,tasks/main.yml,89.19,4.0,11.0,88.0,0.0,0.0,0.0,0.0,0.0,0.0,7.0,3.0,0.0,0.0,12.0,0.0,0.0,0.0,2.0,0.0,4.0,0.0,0.0,0.0,0.0,1.0,0.0,0.0,0.0,80.0,0.0,1.0,0.0,1.0,39.0,8.0,0.0,0.0,0.0,0.0,0.0,12.0,252.0,14.0,0.0,1.0,6.69
,,,0.0,7.0,1.0,1.0,,,,7f214576e7c28de447729827ea84ace383a55bd3,,2018-05-27 16:44:51+02:00,,,,,0.0,tasks/preflight.yml,,,1.0,11.0,0.0,,0.0,0.0,0.0,0.0,2.0,0.0,0.0,0.0,2.0,0.0,0.0,0.0,0.0,0.0,2.0,0.0,0.0,0.0,0.0,0.0,0.0,0.0,0.0,10.0,0.0,2.0,0.0,1.0,2.0,0.0,0.0,0.0,0.0,0.0,0.0,2.0,58.0,2.0,0.0,0.0,5.19
,,,0.0,6.0,1.0,1.0,,,,7f214576e7c28de447729827ea84ace383a55bd3,,2018-05-27 16:44:51+02:00,,,,,0.0,handlers/main.yml,,,0.0,6.0,0.0,,0.0,0.0,0.0,0.0,0.0,0.0,0.0,0.0,1.0,0.0,0.0,0.0,0.0,0.0,0.0,0.0,0.0,0.0,0.0,0.0,0.0,0.0,0.0,6.0,0.0,0.0,0.0,0.0,3.0,0.0,0.0,0.0,0.0,0.0,0.0,1.0,13.0,2.0,0.0,0.0,3.39
,,,0.0,26.0,1.0,1.0,,,,7f214576e7c28de447729827ea84ace383a55bd3,,2018-05-27 16:44:51+02:00,,,,,1.0,meta/main.yml,,,2.0,26.0,0.0,,0.0,0.0,0.0,0.0,0.0,0.0,0.0,0.0,0.0,1.0,0.0,0.0,0.0,0.0,0.0,0.0,0.0,0.0,0.0,0.0,0.0,0.0,0.0,16.0,0.0,0.0,0.0,0.0,0.0,0.0,0.0,0.0,0.0,0.0,0.0,1.0,39.0,4.0,0.0,0.0,4.88
2.0,2.0,2.0,0.0,8.0,1.0,1.0,0.0,0.0,0.0,7f214576e7c28de447729827ea84ace383a55bd3,1.0,2018-05-27 16:44:51+02:00,1.0,2.0,2.0,2.0,0.0,tasks/main.yml,100.0,1.0,11.0,88.0,0.0,0.0,0.0,0.0,0.0,0.0,7.0,3.0,0.0,0.0,12.0,0.0,0.0,0.0,2.0,0.0,4.0,0.0,0.0,0.0,0.0,1.0,0.0,0.0,0.0,80.0,0.0,1.0,0.0,1.0,39.0,8.0,0.0,0.0,0.0,0.0,0.0,12.0,252.0,14.0,0.0,1.0,6.69
,,,0.0,7.0,1.0,2.0,,,,cdf781e148a307ee1404c19c50f2f1ecaeed7bc7,,2018-06-10 03:31:25+02:00,,,,,0.0,tasks/preflight.yml,,,1.0,11.0,0.0,,0.0,0.0,0.0,0.0,2.0,0.0,0.0,0.0,2.0,0.0,0.0,0.0,0.0,0.0,2.0,0.0,0.0,0.0,0.0,0.0,0.0,0.0,0.0,10.0,0.0,2.0,0.0,1.0,2.0,0.0,0.0,0.0,0.0,0.0,0.0,2.0,58.0,2.0,0.0,0.0,5.19
,,,0.0,6.0,1.0,2.0,,,,cdf781e148a307ee1404c19c50f2f1ecaeed7bc7,,2018-06-10 03:31:25+02:00,,,,,0.0,handlers/main.yml,,,0.0,6.0,0.0,,0.0,0.0,0.0,0.0,0.0,0.0,0.0,0.0,1.0,0.0,0.0,0.0,0.0,0.0,0.0,0.0,0.0,0.0,0.0,0.0,0.0,0.0,0.0,6.0,0.0,0.0,0.0,0.0,3.0,0.0,0.0,0.0,0.0,0.0,0.0,1.0,13.0,2.0,0.0,0.0,3.39
,,,0.0,26.0,1.0,2.0,,,,cdf781e148a307ee1404c19c50f2f1ecaeed7bc7,,2018-06-10 03:31:25+02:00,,,,,1.0,meta/main.yml,,,2.0,26.0,0.0,,0.0,0.0,0.0,0.0,0.0,0.0,0.0,0.0,0.0,1.0,0.0,0.0,0.0,0.0,0.0,0.0,0.0,0.0,0.0,0.0,0.0,0.0,0.0,16.0,0.0,0.0,0.0,0.0,0.0,0.0,0.0,0.0,0.0,0.0,0.0,1.0,39.0,4.0,0.0,0.0,4.88
1.0,1.0,1.0,0.0,8.0,1.0,2.0,0.0,0.0,0.0,cdf781e148a307ee1404c19c50f2f1ecaeed7bc7,1.0,2018-06-10 03:31:25+02:00,1.0,1.0,1.0,1.0,0.0,tasks/main.yml,100.0,1.0,11.0,88.0,0.0,0.0,0.0,0.0,0.0,0.0,7.0,3.0,0.0,0.0,12.0,0.0,0.0,0.0,2.0,0.0,5.0,0.0,0.0,0.0,0.0,1.0,0.0,0.0,0.0,80.0,0.0,1.0,0.0,1.0,39.0,8.0,0.0,0.0,0.0,0.0,0.0,12.0,258.0,14.0,0.0,1.0,6.66
,,,0.0,7.0,2.0,3.0,,,,0373b7507436f48fbc4f6a5ea3f835d01be663b9,,2018-06-10 23:23:16+02:00,,,,,0.0,tasks/preflight.yml,,,1.0,11.0,0.0,,0.0,0.0,0.0,0.0,2.0,0.0,0.0,0.0,2.0,0.0,0.0,0.0,0.0,0.0,2.0,0.0,0.0,0.0,0.0,0.0,0.0,0.0,0.0,10.0,0.0,2.0,0.0,1.0,2.0,0.0,0.0,0.0,0.0,0.0,0.0,2.0,58.0,2.0,0.0,0.0,5.19
,,,0.0,6.0,2.0,3.0,,,,0373b7507436f48fbc4f6a5ea3f835d01be663b9,,2018-06-10 23:23:16+02:00,,,,,0.0,handlers/main.yml,,,0.0,6.0,0.0,,0.0,0.0,0.0,0.0,0.0,0.0,0.0,0.0,1.0,0.0,0.0,0.0,0.0,0.0,0.0,0.0,0.0,0.0,0.0,0.0,0.0,0.0,0.0,6.0,0.0,0.0,0.0,0.0,3.0,0.0,0.0,0.0,0.0,0.0,0.0,1.0,13.0,2.0,0.0,0.0,3.39
,,,0.0,26.0,2.0,3.0,,,,0373b7507436f48fbc4f6a5ea3f835d01be663b9,,2018-06-10 23:23:16+02:00,,,,,1.0,meta/main.yml,,,2.0,26.0,0.0,,0.0,0.0,0.0,0.0,0.0,0.0,0.0,0.0,0.0,1.0,0.0,0.0,0.0,0.0,0.0,0.0,0.0,0.0,0.0,0.0,0.0,0.0,0.0,16.0,0.0,0.0,0.0,0.0,0.0,0.0,0.0,0.0,0.0,0.0,0.0,1.0,39.0,4.0,0.0,0.0,4.88
10.0,10.0,10.0,0.0,8.0,2.0,3.0,10.0,10.0,10.0,0373b7507436f48fbc4f6a5ea3f835d01be663b9,1.0,2018-06-10 23:23:16+02:00,1.0,0.0,0.0,0.0,0.0,tasks/main.yml,100.0,1.0,12.0,97.0,0.0,0.0,0.0,0.0,0.0,0.0,8.0,3.0,0.0,0.0,13.0,0.0,0.0,0.0,3.0,1.0,5.0,0.0,0.0,0.0,0.0,1.0,0.0,0.0,0.0,89.0,0.0,1.0,0.0,1.0,45.0,9.0,0.0,0.0,0.0,0.0,0.0,13.0,282.0,15.0,0.0,1.0,6.73
,,,0.0,7.0,2.0,6.0,,,,69840c9c3541abc815a7b92ff90f18a75c44370b,,2018-07-01 09:20:23+02:00,,,,,0.0,tasks/preflight.yml,,,1.0,11.0,0.0,,0.0,0.0,0.0,0.0,2.0,0.0,0.0,0.0,2.0,0.0,0.0,0.0,0.0,0.0,2.0,0.0,0.0,0.0,0.0,0.0,0.0,0.0,0.0,10.0,0.0,2.0,0.0,1.0,2.0,0.0,0.0,0.0,0.0,0.0,0.0,2.0,58.0,2.0,0.0,0.0,5.19
,,,0.0,6.0,2.0,6.0,,,,69840c9c3541abc815a7b92ff90f18a75c44370b,,2018-07-01 09:20:23+02:00,,,,,0.0,handlers/main.yml,,,0.0,6.0,0.0,,0.0,0.0,0.0,0.0,0.0,0.0,0.0,0.0,1.0,0.0,0.0,0.0,0.0,0.0,0.0,0.0,0.0,0.0,0.0,0.0,0.0,0.0,0.0,6.0,0.0,0.0,0.0,0.0,3.0,0.0,0.0,0.0,0.0,0.0,0.0,1.0,13.0,2.0,0.0,0.0,3.39
1.0,1.0,1.0,0.0,26.0,2.0,6.0,0.0,0.0,0.0,69840c9c3541abc815a7b92ff90f18a75c44370b,1.0,2018-07-01 09:20:23+02:00,1.0,1.0,1.0,1.0,1.0,meta/main.yml,100.0,1.0,2.0,26.0,0.0,0.0,0.0,0.0,0.0,0.0,0.0,0.0,0.0,0.0,0.0,1.0,0.0,0.0,0.0,0.0,0.0,0.0,0.0,0.0,0.0,0.0,0.0,0.0,0.0,16.0,0.0,0.0,0.0,0.0,0.0,0.0,0.0,0.0,0.0,0.0,0.0,1.0,39.0,4.0,0.0,0.0,4.88
10.0,10.0,10.0,0.0,8.0,2.0,6.0,10.0,10.0,10.0,69840c9c3541abc815a7b92ff90f18a75c44370b,1.0,2018-07-01 09:20:23+02:00,1.0,0.0,0.0,0.0,0.0,tasks/main.yml,100.0,1.0,12.0,97.0,0.0,0.0,0.0,0.0,0.0,0.0,8.0,3.0,0.0,0.0,13.0,0.0,0.0,0.0,3.0,1.0,5.0,0.0,0.0,0.0,0.0,1.0,0.0,0.0,0.0,89.0,0.0,1.0,0.0,1.0,45.0,9.0,0.0,0.0,0.0,0.0,0.0,13.0,282.0,15.0,0.0,1.0,6.73
27.0,27.0,27.0,0.0,8.0,5.0,11.0,27.0,27.0,27.0,212db9feaf274b349af10d7edfaaa377eb94c272,1.0,2018-07-15 20:54:40+02:00,1.0,0.0,0.0,0.0,0.0,tasks/configure.yml,100.0,1.0,2.0,24.0,0.0,0.0,0.0,0.0,0.0,0.0,5.0,2.0,0.0,0.0,3.0,0.0,0.0,0.0,1.0,1.0,0.0,0.0,0.0,0.0,0.0,0.0,0.0,0.0,0.0,22.0,0.0,0.0,0.0,0.0,13.0,2.0,0.0,0.0,0.0,0.0,0.0,3.0,77.0,3.0,0.0,0.0,5.74
11.0,11.0,11.0,0.0,6.0,5.0,11.0,10.0,10.0,10.0,212db9feaf274b349af10d7edfaaa377eb94c272,1.0,2018-07-15 20:54:40+02:00,1.0,1.0,1.0,1.0,0.0,tasks/preflight.yml,100.0,1.0,3.0,19.0,0.0,0.0,0.0,0.0,0.0,0.0,3.0,0.0,0.0,0.0,4.0,0.0,0.0,0.0,0.0,0.0,2.0,0.0,0.0,0.0,0.0,0.0,0.0,0.0,0.0,17.0,0.0,2.0,0.0,1.0,4.0,0.0,0.0,0.0,0.0,0.0,0.0,4.0,88.0,4.0,0.0,0.0,5.84
1.0,1.0,1.0,0.0,6.0,5.0,11.0,0.0,0.0,0.0,212db9feaf274b349af10d7edfaaa377eb94c272,1.0,2018-07-15 20:54:40+02:00,1.0,1.0,1.0,1.0,0.0,handlers/main.yml,100.0,1.0,0.0,6.0,0.0,0.0,0.0,0.0,0.0,0.0,0.0,0.0,0.0,0.0,1.0,0.0,0.0,0.0,0.0,0.0,0.0,0.0,0.0,0.0,0.0,0.0,0.0,0.0,0.0,6.0,0.0,0.0,0.0,0.0,3.0,0.0,0.0,0.0,0.0,0.0,0.0,1.0,12.0,2.0,0.0,0.0,3.08
63.0,63.0,63.0,0.0,9.0,5.0,11.0,63.0,63.0,63.0,212db9feaf274b349af10d7edfaaa377eb94c272,1.0,2018-07-15 20:54:40+02:00,1.0,0.0,0.0,0.0,1.0,tasks/install.yml,100.0,1.0,6.0,56.0,0.0,0.0,0.0,0.0,0.0,0.0,1.0,1.0,0.0,0.0,7.0,0.0,0.0,0.0,2.0,0.0,5.0,0.0,0.0,0.0,0.0,0.0,0.0,0.0,0.0,56.0,0.0,1.0,0.0,3.0,28.0,7.0,0.0,0.0,0.0,0.0,0.0,7.0,175.0,10.0,0.0,1.0,6.07
22.0,7.0,19.0,0.0,27.0,5.0,11.0,0.0,0.0,1.0,212db9feaf274b349af10d7edfaaa377eb94c272,3.0,2018-07-15 20:54:40+02:00,2.0,22.0,7.0,20.0,0.0,meta/main.yml,95.45,2.0,1.0,27.0,0.0,1.0,0.0,0.0,0.0,0.0,0.0,0.0,0.0,0.0,0.0,1.0,0.0,0.0,0.0,0.0,0.0,0.0,0.0,0.0,0.0,0.0,0.0,0.0,0.0,16.0,0.0,0.0,0.0,0.0,0.0,0.0,0.0,0.0,0.0,0.0,0.0,1.0,40.0,4.0,0.0,0.0,4.92
24.0,24.0,24.0,0.0,5.0,5.0,11.0,-80.0,-80.0,-80.0,212db9feaf274b349af10d7edfaaa377eb94c272,1.0,2018-07-15 20:54:40+02:00,1.0,104.0,104.0,104.0,0.0,tasks/main.yml,100.0,3.0,4.0,25.0,0.0,0.0,0.0,0.0,0.0,0.0,0.0,0.0,0.0,0.0,5.0,0.0,0.0,0.0,0.0,0.0,2.0,0.0,0.0,0.0,3.0,0.0,0.0,0.0,1.0,18.0,0.0,1.0,0.0,0.0,2.0,0.0,0.0,0.0,0.0,0.0,0.0,5.0,57.0,3.0,0.0,0.0,4.98
27.0,27.0,27.0,0.0,8.0,4.0,11.0,27.0,27.0,27.0,50d04c8f5a17291ff58e374cab5f4b7951727b5d,1.0,2018-08-15 17:33:59+02:00,1.0,0.0,0.0,0.0,0.0,tasks/configure.yml,100.0,1.0,2.0,24.0,0.0,0.0,0.0,0.0,0.0,0.0,5.0,2.0,0.0,0.0,3.0,0.0,0.0,0.0,1.0,1.0,0.0,0.0,0.0,0.0,0.0,0.0,0.0,0.0,0.0,22.0,0.0,0.0,0.0,0.0,13.0,2.0,0.0,0.0,0.0,0.0,0.0,3.0,77.0,3.0,0.0,0.0,5.74
17.0,8.0,11.0,0.0,5.0,4.0,11.0,7.0,14.0,10.0,50d04c8f5a17291ff58e374cab5f4b7951727b5d,2.0,2018-08-15 17:33:59+02:00,1.0,3.0,2.0,2.0,0.0,tasks/preflight.yml,100.0,1.5,4.0,22.0,0.0,0.0,0.0,0.0,0.0,0.0,3.0,0.0,0.0,0.0,5.0,0.0,0.0,0.0,0.0,0.0,2.0,0.0,0.0,0.0,0.0,0.0,0.0,0.0,0.0,21.0,0.0,2.0,0.0,1.0,5.0,0.0,0.0,0.0,0.0,0.0,0.0,5.0,101.0,5.0,0.0,0.0,5.91
1.0,1.0,1.0,0.0,6.0,4.0,11.0,0.0,0.0,0.0,50d04c8f5a17291ff58e374cab5f4b7951727b5d,1.0,2018-08-15 17:33:59+02:00,1.0,1.0,1.0,1.0,0.0,handlers/main.yml,100.0,1.0,0.0,6.0,0.0,0.0,0.0,0.0,0.0,0.0,0.0,0.0,0.0,0.0,1.0,0.0,0.0,0.0,0.0,0.0,0.0,0.0,0.0,0.0,0.0,0.0,0.0,0.0,0.0,6.0,0.0,0.0,0.0,0.0,3.0,0.0,0.0,0.0,0.0,0.0,0.0,1.0,12.0,2.0,0.0,0.0,3.08
63.0,63.0,63.0,0.0,9.0,4.0,11.0,63.0,63.0,63.0,50d04c8f5a17291ff58e374cab5f4b7951727b5d,1.0,2018-08-15 17:33:59+02:00,1.0,0.0,0.0,0.0,1.0,tasks/install.yml,100.0,1.0,6.0,56.0,0.0,0.0,0.0,0.0,0.0,0.0,1.0,1.0,0.0,0.0,7.0,0.0,0.0,0.0,2.0,0.0,5.0,0.0,0.0,0.0,0.0,0.0,0.0,0.0,0.0,56.0,0.0,1.0,0.0,3.0,28.0,7.0,0.0,0.0,0.0,0.0,0.0,7.0,175.0,10.0,0.0,1.0,6.07
19.0,19.0,19.0,0.0,27.0,4.0,11.0,-1.0,-1.0,-1.0,50d04c8f5a17291ff58e374cab5f4b7951727b5d,1.0,2018-08-15 17:33:59+02:00,1.0,20.0,20.0,20.0,0.0,meta/main.yml,100.0,2.0,1.0,27.0,0.0,0.0,0.0,0.0,0.0,0.0,0.0,0.0,0.0,0.0,0.0,1.0,0.0,0.0,0.0,0.0,0.0,0.0,0.0,0.0,0.0,0.0,0.0,0.0,0.0,16.0,0.0,0.0,0.0,0.0,0.0,0.0,0.0,0.0,0.0,0.0,0.0,1.0,40.0,4.0,0.0,0.0,4.92
24.0,24.0,24.0,0.0,5.0,4.0,11.0,-80.0,-80.0,-80.0,50d04c8f5a17291ff58e374cab5f4b7951727b5d,1.0,2018-08-15 17:33:59+02:00,1.0,104.0,104.0,104.0,0.0,tasks/main.yml,100.0,3.0,4.0,25.0,0.0,0.0,0.0,0.0,0.0,0.0,0.0,0.0,0.0,0.0,5.0,0.0,0.0,0.0,0.0,0.0,2.0,0.0,0.0,0.0,3.0,0.0,0.0,0.0,1.0,18.0,0.0,1.0,0.0,0.0,2.0,0.0,0.0,0.0,0.0,0.0,0.0,5.0,57.0,3.0,0.0,0.0,4.98
,,,0.0,8.0,1.0,1.0,,,,7cc5dde7d37d8ad20caeba4df20e8a071d0b92b9,,2018-09-06 16:29:06+02:00,,,,,0.0,tasks/configure.yml,,,2.0,24.0,0.0,,0.0,0.0,0.0,0.0,5.0,2.0,0.0,0.0,3.0,0.0,0.0,0.0,1.0,1.0,0.0,0.0,0.0,0.0,0.0,0.0,0.0,0.0,0.0,22.0,0.0,0.0,0.0,0.0,13.0,2.0,0.0,0.0,0.0,0.0,0.0,3.0,77.0,3.0,0.0,0.0,5.74
6.0,6.0,6.0,0.0,5.0,1.0,1.0,4.0,4.0,4.0,7cc5dde7d37d8ad20caeba4df20e8a071d0b92b9,1.0,2018-09-06 16:29:06+02:00,1.0,2.0,2.0,2.0,0.0,tasks/preflight.yml,100.0,2.0,4.0,22.0,0.0,0.0,0.0,0.0,0.0,0.0,3.0,0.0,0.0,0.0,5.0,0.0,0.0,0.0,0.0,0.0,2.0,0.0,0.0,0.0,0.0,0.0,0.0,0.0,0.0,21.0,0.0,2.0,0.0,1.0,5.0,0.0,0.0,0.0,0.0,0.0,0.0,5.0,101.0,5.0,0.0,0.0,5.91
,,,0.0,6.0,1.0,1.0,,,,7cc5dde7d37d8ad20caeba4df20e8a071d0b92b9,,2018-09-06 16:29:06+02:00,,,,,0.0,handlers/main.yml,,,0.0,6.0,0.0,,0.0,0.0,0.0,0.0,0.0,0.0,0.0,0.0,1.0,0.0,0.0,0.0,0.0,0.0,0.0,0.0,0.0,0.0,0.0,0.0,0.0,0.0,0.0,6.0,0.0,0.0,0.0,0.0,3.0,0.0,0.0,0.0,0.0,0.0,0.0,1.0,12.0,2.0,0.0,0.0,3.08
,,,0.0,9.0,1.0,1.0,,,,7cc5dde7d37d8ad20caeba4df20e8a071d0b92b9,,2018-09-06 16:29:06+02:00,,,,,1.0,tasks/install.yml,,,6.0,56.0,0.0,,0.0,0.0,0.0,0.0,1.0,1.0,0.0,0.0,7.0,0.0,0.0,0.0,2.0,0.0,5.0,0.0,0.0,0.0,0.0,0.0,0.0,0.0,0.0,56.0,0.0,1.0,0.0,3.0,28.0,7.0,0.0,0.0,0.0,0.0,0.0,7.0,175.0,10.0,0.0,1.0,6.07
,,,0.0,27.0,1.0,1.0,,,,7cc5dde7d37d8ad20caeba4df20e8a071d0b92b9,,2018-09-06 16:29:06+02:00,,,,,0.0,meta/main.yml,,,1.0,27.0,0.0,,0.0,0.0,0.0,0.0,0.0,0.0,0.0,0.0,0.0,1.0,0.0,0.0,0.0,0.0,0.0,0.0,0.0,0.0,0.0,0.0,0.0,0.0,0.0,16.0,0.0,0.0,0.0,0.0,0.0,0.0,0.0,0.0,0.0,0.0,0.0,1.0,40.0,4.0,0.0,0.0,4.92
1.0,1.0,1.0,0.0,5.0,1.0,1.0,1.0,1.0,1.0,7cc5dde7d37d8ad20caeba4df20e8a071d0b92b9,1.0,2018-09-06 16:29:06+02:00,1.0,0.0,0.0,0.0,0.0,tasks/main.yml,100.0,1.0,4.0,26.0,0.0,0.0,0.0,0.0,0.0,0.0,0.0,0.0,0.0,0.0,5.0,0.0,0.0,0.0,0.0,0.0,2.0,0.0,0.0,0.0,3.0,0.0,0.0,0.0,1.0,19.0,0.0,1.0,0.0,0.0,3.0,0.0,0.0,0.0,0.0,0.0,0.0,5.0,59.0,3.0,0.0,0.0,5.0
1.0,1.0,1.0,0.0,8.0,2.0,4.0,0.0,0.0,0.0,b9464688a7482dafda313d2ad5b80660b6f18179,1.0,2018-09-19 09:32:22+02:00,1.0,1.0,1.0,1.0,0.0,tasks/configure.yml,100.0,1.0,2.0,24.0,0.0,0.0,0.0,0.0,0.0,0.0,5.0,2.0,0.0,0.0,3.0,0.0,0.0,0.0,1.0,1.0,0.0,0.0,0.0,0.0,0.0,0.0,0.0,0.0,0.0,22.0,0.0,0.0,0.0,0.0,13.0,2.0,0.0,0.0,0.0,0.0,0.0,3.0,77.0,3.0,0.0,0.0,5.74
,,,0.0,5.0,2.0,4.0,,,,b9464688a7482dafda313d2ad5b80660b6f18179,,2018-09-19 09:32:22+02:00,,,,,0.0,tasks/preflight.yml,,,4.0,22.0,0.0,,0.0,0.0,0.0,0.0,3.0,0.0,0.0,0.0,5.0,0.0,0.0,0.0,0.0,0.0,2.0,0.0,0.0,0.0,0.0,0.0,0.0,0.0,0.0,21.0,0.0,2.0,0.0,1.0,5.0,0.0,0.0,0.0,0.0,0.0,0.0,5.0,101.0,5.0,0.0,0.0,5.91
,,,0.0,6.0,2.0,4.0,,,,b9464688a7482dafda313d2ad5b80660b6f18179,,2018-09-19 09:32:22+02:00,,,,,0.0,handlers/main.yml,,,0.0,6.0,0.0,,0.0,0.0,0.0,0.0,0.0,0.0,0.0,0.0,1.0,0.0,0.0,0.0,0.0,0.0,0.0,0.0,0.0,0.0,0.0,0.0,0.0,0.0,0.0,6.0,0.0,0.0,0.0,0.0,3.0,0.0,0.0,0.0,0.0,0.0,0.0,1.0,12.0,2.0,0.0,0.0,3.08
6.0,6.0,6.0,0.0,8.0,2.0,4.0,6.0,6.0,6.0,b9464688a7482dafda313d2ad5b80660b6f18179,1.0,2018-09-19 09:32:22+02:00,1.0,0.0,0.0,0.0,1.0,tasks/install.yml,100.0,1.0,7.0,61.0,0.0,0.0,0.0,0.0,0.0,0.0,1.0,1.0,0.0,0.0,8.0,0.0,0.0,0.0,3.0,1.0,5.0,0.0,0.0,0.0,0.0,0.0,0.0,0.0,0.0,61.0,0.0,1.0,0.0,3.0,31.0,8.0,0.0,0.0,0.0,0.0,0.0,8.0,185.0,11.0,0.0,1.0,6.13
,,,0.0,27.0,2.0,4.0,,,,b9464688a7482dafda313d2ad5b80660b6f18179,,2018-09-19 09:32:22+02:00,,,,,0.0,meta/main.yml,,,1.0,27.0,0.0,,0.0,0.0,0.0,0.0,0.0,0.0,0.0,0.0,0.0,1.0,0.0,0.0,0.0,0.0,0.0,0.0,0.0,0.0,0.0,0.0,0.0,0.0,0.0,16.0,0.0,0.0,0.0,0.0,0.0,0.0,0.0,0.0,0.0,0.0,0.0,1.0,40.0,4.0,0.0,0.0,4.92
2.0,1.0,1.0,0.0,5.0,2.0,4.0,1.0,2.0,1.0,b9464688a7482dafda313d2ad5b80660b6f18179,2.0,2018-09-19 09:32:22+02:00,2.0,0.0,0.0,0.0,1.0,tasks/main.yml,50.0,1.0,4.0,27.0,0.0,0.0,0.0,0.0,0.0,0.0,0.0,0.0,0.0,0.0,5.0,0.0,0.0,0.0,0.0,0.0,3.0,0.0,0.0,0.0,3.0,0.0,0.0,0.0,1.0,19.0,0.0,1.0,0.0,0.0,3.0,0.0,0.0,0.0,0.0,0.0,0.0,5.0,64.0,3.0,0.0,0.0,5.0
0.0,0.0,0.0,0.0,9.0,2.0,4.0,-7.0,-7.0,-7.0,b6ec1086ea9362991beab10df5563d04a1bbdb4c,1.0,2018-10-04 10:52:37+02:00,1.0,7.0,7.0,7.0,0.0,tasks/configure.yml,100.0,1.0,1.0,18.0,0.0,0.0,0.0,0.0,0.0,0.0,4.0,1.0,0.0,0.0,2.0,0.0,0.0,0.0,1.0,1.0,0.0,0.0,0.0,0.0,0.0,0.0,0.0,0.0,0.0,16.0,0.0,0.0,0.0,0.0,10.0,1.0,0.0,0.0,0.0,0.0,0.0,2.0,58.0,2.0,0.0,0.0,5.44
,,,0.0,5.0,2.0,4.0,,,,b6ec1086ea9362991beab10df5563d04a1bbdb4c,,2018-10-04 10:52:37+02:00,,,,,0.0,tasks/preflight.yml,,,4.0,22.0,0.0,,0.0,0.0,0.0,0.0,3.0,0.0,0.0,0.0,5.0,0.0,0.0,0.0,0.0,0.0,2.0,0.0,0.0,0.0,0.0,0.0,0.0,0.0,0.0,21.0,0.0,2.0,0.0,1.0,5.0,0.0,0.0,0.0,0.0,0.0,0.0,5.0,101.0,5.0,0.0,0.0,5.91
,,,0.0,6.0,2.0,4.0,,,,b6ec1086ea9362991beab10df5563d04a1bbdb4c,,2018-10-04 10:52:37+02:00,,,,,0.0,handlers/main.yml,,,0.0,6.0,0.0,,0.0,0.0,0.0,0.0,0.0,0.0,0.0,0.0,1.0,0.0,0.0,0.0,0.0,0.0,0.0,0.0,0.0,0.0,0.0,0.0,0.0,0.0,0.0,6.0,0.0,0.0,0.0,0.0,3.0,0.0,0.0,0.0,0.0,0.0,0.0,1.0,12.0,2.0,0.0,0.0,3.08
6.0,6.0,6.0,0.0,8.0,2.0,4.0,6.0,6.0,6.0,b6ec1086ea9362991beab10df5563d04a1bbdb4c,1.0,2018-10-04 10:52:37+02:00,1.0,0.0,0.0,0.0,1.0,tasks/install.yml,100.0,1.0,7.0,61.0,0.0,0.0,0.0,0.0,0.0,0.0,1.0,1.0,0.0,0.0,8.0,0.0,0.0,0.0,3.0,1.0,5.0,0.0,0.0,0.0,0.0,0.0,0.0,0.0,0.0,61.0,0.0,1.0,0.0,3.0,31.0,8.0,0.0,0.0,0.0,0.0,0.0,8.0,185.0,11.0,0.0,1.0,6.13
,,,0.0,27.0,2.0,4.0,,,,b6ec1086ea9362991beab10df5563d04a1bbdb4c,,2018-10-04 10:52:37+02:00,,,,,0.0,meta/main.yml,,,1.0,27.0,0.0,,0.0,0.0,0.0,0.0,0.0,0.0,0.0,0.0,0.0,1.0,0.0,0.0,0.0,0.0,0.0,0.0,0.0,0.0,0.0,0.0,0.0,0.0,0.0,16.0,0.0,0.0,0.0,0.0,0.0,0.0,0.0,0.0,0.0,0.0,0.0,1.0,40.0,4.0,0.0,0.0,4.92
3.0,2.0,2.0,0.0,6.0,2.0,4.0,1.0,2.0,1.0,b6ec1086ea9362991beab10df5563d04a1bbdb4c,2.0,2018-10-04 10:52:37+02:00,2.0,1.0,0.0,1.0,1.0,tasks/main.yml,75.0,1.0,4.0,28.0,0.0,0.0,0.0,0.0,0.0,0.0,0.0,0.0,0.0,0.0,5.0,0.0,0.0,0.0,0.0,0.0,3.0,0.0,0.0,0.0,3.0,0.0,0.0,0.0,1.0,19.0,0.0,1.0,0.0,0.0,3.0,0.0,0.0,0.0,0.0,0.0,0.0,5.0,65.0,3.0,0.0,0.0,5.01
,,,0.0,9.0,2.0,4.0,,,,88cfcd80fb68388938d009a69412d228680d656a,,2018-10-08 08:08:09+02:00,,,,,0.0,tasks/configure.yml,,,1.0,18.0,0.0,,0.0,0.0,0.0,0.0,4.0,1.0,0.0,0.0,2.0,0.0,0.0,0.0,1.0,1.0,0.0,0.0,0.0,0.0,0.0,0.0,0.0,0.0,0.0,16.0,0.0,0.0,0.0,0.0,10.0,1.0,0.0,0.0,0.0,0.0,0.0,2.0,58.0,2.0,0.0,0.0,5.44
,,,0.0,5.0,2.0,4.0,,,,88cfcd80fb68388938d009a69412d228680d656a,,2018-10-08 08:08:09+02:00,,,,,0.0,tasks/preflight.yml,,,4.0,22.0,0.0,,0.0,0.0,0.0,0.0,3.0,0.0,0.0,0.0,5.0,0.0,0.0,0.0,0.0,0.0,2.0,0.0,0.0,0.0,0.0,0.0,0.0,0.0,0.0,21.0,0.0,2.0,0.0,1.0,5.0,0.0,0.0,0.0,0.0,0.0,0.0,5.0,101.0,5.0,0.0,0.0,5.91
,,,0.0,6.0,2.0,4.0,,,,88cfcd80fb68388938d009a69412d228680d656a,,2018-10-08 08:08:09+02:00,,,,,0.0,handlers/main.yml,,,0.0,6.0,0.0,,0.0,0.0,0.0,0.0,0.0,0.0,0.0,0.0,1.0,0.0,0.0,0.0,0.0,0.0,0.0,0.0,0.0,0.0,0.0,0.0,0.0,0.0,0.0,6.0,0.0,0.0,0.0,0.0,3.0,0.0,0.0,0.0,0.0,0.0,0.0,1.0,12.0,2.0,0.0,0.0,3.08
,,,0.0,8.0,2.0,4.0,,,,88cfcd80fb68388938d009a69412d228680d656a,,2018-10-08 08:08:09+02:00,,,,,1.0,tasks/install.yml,,,7.0,61.0,0.0,,0.0,0.0,0.0,0.0,1.0,1.0,0.0,0.0,8.0,0.0,0.0,0.0,3.0,1.0,5.0,0.0,0.0,0.0,0.0,0.0,0.0,0.0,0.0,61.0,0.0,1.0,0.0,3.0,31.0,8.0,0.0,0.0,0.0,0.0,0.0,8.0,185.0,11.0,0.0,1.0,6.13
1.0,1.0,1.0,0.0,27.0,2.0,4.0,0.0,0.0,0.0,88cfcd80fb68388938d009a69412d228680d656a,1.0,2018-10-08 08:08:09+02:00,1.0,1.0,1.0,1.0,0.0,meta/main.yml,100.0,1.0,1.0,27.0,0.0,0.0,0.0,0.0,0.0,0.0,0.0,0.0,0.0,0.0,0.0,1.0,0.0,0.0,0.0,0.0,0.0,0.0,0.0,0.0,0.0,0.0,0.0,0.0,0.0,16.0,0.0,0.0,0.0,0.0,0.0,0.0,0.0,0.0,0.0,0.0,0.0,1.0,40.0,4.0,0.0,0.0,4.92
2.0,2.0,2.0,0.0,6.0,2.0,4.0,1.0,1.0,1.0,88cfcd80fb68388938d009a69412d228680d656a,1.0,2018-10-08 08:08:09+02:00,1.0,1.0,1.0,1.0,1.0,tasks/main.yml,100.0,1.0,4.0,28.0,0.0,0.0,0.0,0.0,0.0,0.0,0.0,0.0,0.0,0.0,5.0,0.0,0.0,0.0,0.0,0.0,3.0,0.0,0.0,0.0,3.0,0.0,0.0,0.0,1.0,19.0,0.0,1.0,0.0,0.0,3.0,0.0,0.0,0.0,0.0,0.0,0.0,5.0,65.0,3.0,0.0,0.0,5.01
,,,0.0,9.0,2.0,4.0,,,,0c69f58ce6230be9545134cfc84de8c2ccb0b226,,2018-12-03 10:14:56+01:00,,,,,0.0,tasks/configure.yml,,,1.0,18.0,0.0,,0.0,0.0,0.0,0.0,4.0,1.0,0.0,0.0,2.0,0.0,0.0,0.0,1.0,1.0,0.0,0.0,0.0,0.0,0.0,0.0,0.0,0.0,0.0,16.0,0.0,0.0,0.0,0.0,10.0,1.0,0.0,0.0,0.0,0.0,0.0,2.0,58.0,2.0,0.0,0.0,5.44
,,,0.0,5.0,2.0,4.0,,,,0c69f58ce6230be9545134cfc84de8c2ccb0b226,,2018-12-03 10:14:56+01:00,,,,,0.0,tasks/preflight.yml,,,4.0,22.0,0.0,,0.0,0.0,0.0,0.0,3.0,0.0,0.0,0.0,5.0,0.0,0.0,0.0,0.0,0.0,2.0,0.0,0.0,0.0,0.0,0.0,0.0,0.0,0.0,21.0,0.0,2.0,0.0,1.0,5.0,0.0,0.0,0.0,0.0,0.0,0.0,5.0,101.0,5.0,0.0,0.0,5.91
,,,0.0,6.0,2.0,4.0,,,,0c69f58ce6230be9545134cfc84de8c2ccb0b226,,2018-12-03 10:14:56+01:00,,,,,0.0,handlers/main.yml,,,0.0,6.0,0.0,,0.0,0.0,0.0,0.0,0.0,0.0,0.0,0.0,1.0,0.0,0.0,0.0,0.0,0.0,0.0,0.0,0.0,0.0,0.0,0.0,0.0,0.0,0.0,6.0,0.0,0.0,0.0,0.0,3.0,0.0,0.0,0.0,0.0,0.0,0.0,1.0,12.0,2.0,0.0,0.0,3.08
,,,0.0,8.0,2.0,4.0,,,,0c69f58ce6230be9545134cfc84de8c2ccb0b226,,2018-12-03 10:14:56+01:00,,,,,1.0,tasks/install.yml,,,7.0,61.0,0.0,,0.0,0.0,0.0,0.0,1.0,1.0,0.0,0.0,8.0,0.0,0.0,0.0,3.0,1.0,5.0,0.0,0.0,0.0,0.0,0.0,0.0,0.0,0.0,61.0,0.0,1.0,0.0,3.0,31.0,8.0,0.0,0.0,0.0,0.0,0.0,8.0,185.0,11.0,0.0,1.0,6.13
1.0,1.0,1.0,0.0,27.0,2.0,4.0,0.0,0.0,0.0,0c69f58ce6230be9545134cfc84de8c2ccb0b226,1.0,2018-12-03 10:14:56+01:00,1.0,1.0,1.0,1.0,0.0,meta/main.yml,100.0,1.0,1.0,27.0,0.0,0.0,0.0,0.0,0.0,0.0,0.0,0.0,0.0,0.0,0.0,1.0,0.0,0.0,0.0,0.0,0.0,0.0,0.0,0.0,0.0,0.0,0.0,0.0,0.0,16.0,0.0,0.0,0.0,0.0,0.0,0.0,0.0,0.0,0.0,0.0,0.0,1.0,40.0,4.0,0.0,0.0,4.92
,,,0.0,6.0,2.0,4.0,,,,0c69f58ce6230be9545134cfc84de8c2ccb0b226,,2018-12-03 10:14:56+01:00,,,,,1.0,tasks/main.yml,,,4.0,28.0,0.0,,0.0,0.0,0.0,0.0,0.0,0.0,0.0,0.0,5.0,0.0,0.0,0.0,0.0,0.0,3.0,0.0,0.0,0.0,3.0,0.0,0.0,0.0,1.0,19.0,0.0,1.0,0.0,0.0,3.0,0.0,0.0,0.0,0.0,0.0,0.0,5.0,65.0,3.0,0.0,0.0,5.01
,,,0.0,9.0,1.0,1.0,,,,dadd38310a94d87e3fd9af06d3ba04730155aa0a,,2018-12-05 01:36:55+01:00,,,,,0.0,tasks/configure.yml,,,1.0,18.0,0.0,,0.0,0.0,0.0,0.0,4.0,1.0,0.0,0.0,2.0,0.0,0.0,0.0,1.0,1.0,0.0,0.0,0.0,0.0,0.0,0.0,0.0,0.0,0.0,16.0,0.0,0.0,0.0,0.0,10.0,1.0,0.0,0.0,0.0,0.0,0.0,2.0,58.0,2.0,0.0,0.0,5.44
,,,0.0,5.0,1.0,1.0,,,,dadd38310a94d87e3fd9af06d3ba04730155aa0a,,2018-12-05 01:36:55+01:00,,,,,0.0,tasks/preflight.yml,,,4.0,22.0,0.0,,0.0,0.0,0.0,0.0,3.0,0.0,0.0,0.0,5.0,0.0,0.0,0.0,0.0,0.0,2.0,0.0,0.0,0.0,0.0,0.0,0.0,0.0,0.0,21.0,0.0,2.0,0.0,1.0,5.0,0.0,0.0,0.0,0.0,0.0,0.0,5.0,101.0,5.0,0.0,0.0,5.91
,,,0.0,6.0,1.0,1.0,,,,dadd38310a94d87e3fd9af06d3ba04730155aa0a,,2018-12-05 01:36:55+01:00,,,,,0.0,handlers/main.yml,,,0.0,6.0,0.0,,0.0,0.0,0.0,0.0,0.0,0.0,0.0,0.0,1.0,0.0,0.0,0.0,0.0,0.0,0.0,0.0,0.0,0.0,0.0,0.0,0.0,0.0,0.0,6.0,0.0,0.0,0.0,0.0,3.0,0.0,0.0,0.0,0.0,0.0,0.0,1.0,12.0,2.0,0.0,0.0,3.08
,,,0.0,8.0,1.0,1.0,,,,dadd38310a94d87e3fd9af06d3ba04730155aa0a,,2018-12-05 01:36:55+01:00,,,,,1.0,tasks/install.yml,,,7.0,61.0,0.0,,0.0,0.0,0.0,0.0,1.0,1.0,0.0,0.0,8.0,0.0,0.0,0.0,3.0,1.0,5.0,0.0,0.0,0.0,0.0,0.0,0.0,0.0,0.0,61.0,0.0,1.0,0.0,3.0,31.0,8.0,0.0,0.0,0.0,0.0,0.0,8.0,185.0,11.0,0.0,1.0,6.13
,,,0.0,27.0,1.0,1.0,,,,dadd38310a94d87e3fd9af06d3ba04730155aa0a,,2018-12-05 01:36:55+01:00,,,,,0.0,meta/main.yml,,,1.0,27.0,0.0,,0.0,0.0,0.0,0.0,0.0,0.0,0.0,0.0,0.0,1.0,0.0,0.0,0.0,0.0,0.0,0.0,0.0,0.0,0.0,0.0,0.0,0.0,0.0,16.0,0.0,0.0,0.0,0.0,0.0,0.0,0.0,0.0,0.0,0.0,0.0,1.0,40.0,4.0,0.0,0.0,4.92
,,,0.0,6.0,1.0,1.0,,,,dadd38310a94d87e3fd9af06d3ba04730155aa0a,,2018-12-05 01:36:55+01:00,,,,,1.0,tasks/main.yml,,,4.0,28.0,0.0,,0.0,0.0,0.0,0.0,0.0,0.0,0.0,0.0,5.0,0.0,0.0,0.0,0.0,0.0,3.0,0.0,0.0,0.0,3.0,0.0,0.0,0.0,1.0,19.0,0.0,1.0,0.0,0.0,3.0,0.0,0.0,0.0,0.0,0.0,0.0,5.0,65.0,3.0,0.0,0.0,5.01
10.0,5.0,9.0,0.0,9.0,2.0,3.0,4.0,9.0,9.0,51c5336ec1da2ed474b015ca4f2ce73b9713a349,2.0,2018-12-17 16:20:46+01:00,1.0,1.0,0.0,1.0,0.0,tasks/configure.yml,100.0,1.0,2.0,26.0,0.0,0.0,0.0,0.0,0.0,0.0,4.0,1.0,0.0,0.0,3.0,0.0,0.0,0.0,2.0,1.0,0.0,0.0,0.0,0.0,0.0,0.0,0.0,0.0,0.0,24.0,0.0,0.0,0.0,0.0,15.0,3.0,0.0,0.0,0.0,0.0,0.0,3.0,82.0,3.0,0.0,0.0,5.86
2.0,2.0,2.0,0.0,5.0,2.0,3.0,0.0,0.0,0.0,51c5336ec1da2ed474b015ca4f2ce73b9713a349,1.0,2018-12-17 16:20:46+01:00,1.0,2.0,2.0,2.0,0.0,tasks/preflight.yml,100.0,2.0,4.0,22.0,0.0,0.0,0.0,0.0,0.0,0.0,3.0,0.0,0.0,0.0,5.0,0.0,0.0,0.0,0.0,0.0,1.0,0.0,0.0,0.0,0.0,0.0,0.0,0.0,0.0,21.0,0.0,2.0,0.0,1.0,5.0,0.0,0.0,0.0,0.0,0.0,0.0,5.0,97.0,5.0,0.0,0.0,5.85
,,,0.0,6.0,2.0,3.0,,,,51c5336ec1da2ed474b015ca4f2ce73b9713a349,,2018-12-17 16:20:46+01:00,,,,,0.0,handlers/main.yml,,,0.0,6.0,0.0,,0.0,0.0,0.0,0.0,0.0,0.0,0.0,0.0,1.0,0.0,0.0,0.0,0.0,0.0,0.0,0.0,0.0,0.0,0.0,0.0,0.0,0.0,0.0,6.0,0.0,0.0,0.0,0.0,3.0,0.0,0.0,0.0,0.0,0.0,0.0,1.0,12.0,2.0,0.0,0.0,3.08
5.0,2.0,5.0,0.0,8.0,2.0,3.0,-4.0,-9.0,0.0,51c5336ec1da2ed474b015ca4f2ce73b9713a349,2.0,2018-12-17 16:20:46+01:00,1.0,14.0,7.0,9.0,1.0,tasks/install.yml,100.0,2.5,6.0,53.0,0.0,0.0,0.0,0.0,0.0,0.0,1.0,1.0,0.0,0.0,7.0,0.0,0.0,0.0,2.0,1.0,0.0,0.0,0.0,0.0,0.0,0.0,0.0,0.0,0.0,53.0,0.0,1.0,0.0,3.0,26.0,6.0,0.0,0.0,0.0,0.0,0.0,7.0,153.0,10.0,0.0,1.0,5.93
1.0,1.0,1.0,0.0,28.0,2.0,3.0,1.0,1.0,1.0,51c5336ec1da2ed474b015ca4f2ce73b9713a349,1.0,2018-12-17 16:20:46+01:00,1.0,0.0,0.0,0.0,0.0,meta/main.yml,100.0,1.0,1.0,28.0,0.0,0.0,0.0,0.0,0.0,0.0,0.0,0.0,0.0,0.0,0.0,1.0,0.0,0.0,0.0,0.0,0.0,0.0,0.0,0.0,0.0,0.0,0.0,0.0,0.0,17.0,0.0,0.0,0.0,0.0,0.0,0.0,0.0,0.0,0.0,0.0,0.0,1.0,42.0,4.0,0.0,0.0,5.01
9.0,9.0,9.0,0.0,6.0,2.0,3.0,3.0,3.0,3.0,51c5336ec1da2ed474b015ca4f2ce73b9713a349,1.0,2018-12-17 16:20:46+01:00,1.0,6.0,6.0,6.0,1.0,tasks/main.yml,100.0,5.0,4.0,31.0,0.0,0.0,0.0,0.0,0.0,0.0,0.0,0.0,0.0,0.0,5.0,0.0,0.0,0.0,0.0,0.0,3.0,0.0,0.0,0.0,3.0,0.0,0.0,0.0,1.0,19.0,0.0,1.0,0.0,0.0,3.0,0.0,0.0,0.0,0.0,0.0,0.0,5.0,68.0,3.0,0.0,0.0,4.97
,,,0.0,9.0,1.0,2.0,,,,ab5546f40b60cd1c0a6e2e6e80b2ef7a280f3311,,2019-02-19 14:08:41+01:00,,,,,0.0,tasks/configure.yml,,,2.0,26.0,0.0,,0.0,0.0,0.0,0.0,4.0,1.0,0.0,0.0,3.0,0.0,0.0,0.0,2.0,1.0,0.0,0.0,0.0,0.0,0.0,0.0,0.0,0.0,0.0,24.0,0.0,0.0,0.0,0.0,15.0,3.0,0.0,0.0,0.0,0.0,0.0,3.0,82.0,3.0,0.0,0.0,5.86
8.0,8.0,8.0,0.0,5.0,1.0,2.0,8.0,8.0,8.0,ab5546f40b60cd1c0a6e2e6e80b2ef7a280f3311,1.0,2019-02-19 14:08:41+01:00,1.0,0.0,0.0,0.0,0.0,tasks/preflight.yml,100.0,1.0,5.0,29.0,0.0,0.0,0.0,0.0,0.0,1.0,4.0,0.0,0.0,0.0,6.0,0.0,0.0,0.0,0.0,0.0,1.0,0.0,0.0,0.0,0.0,0.0,0.0,0.0,0.0,27.0,0.0,2.0,0.0,1.0,5.0,0.0,0.0,0.0,0.0,0.0,0.0,6.0,117.0,6.0,0.0,1.0,6.16
,,,0.0,6.0,1.0,2.0,,,,ab5546f40b60cd1c0a6e2e6e80b2ef7a280f3311,,2019-02-19 14:08:41+01:00,,,,,0.0,handlers/main.yml,,,0.0,6.0,0.0,,0.0,0.0,0.0,0.0,0.0,0.0,0.0,0.0,1.0,0.0,0.0,0.0,0.0,0.0,0.0,0.0,0.0,0.0,0.0,0.0,0.0,0.0,0.0,6.0,0.0,0.0,0.0,0.0,3.0,0.0,0.0,0.0,0.0,0.0,0.0,1.0,12.0,2.0,0.0,0.0,3.08
,,,0.0,8.0,1.0,2.0,,,,ab5546f40b60cd1c0a6e2e6e80b2ef7a280f3311,,2019-02-19 14:08:41+01:00,,,,,1.0,tasks/install.yml,,,6.0,53.0,0.0,,0.0,0.0,0.0,0.0,1.0,1.0,0.0,0.0,7.0,0.0,0.0,0.0,2.0,1.0,0.0,0.0,0.0,0.0,0.0,0.0,0.0,0.0,0.0,53.0,0.0,1.0,0.0,3.0,26.0,6.0,0.0,0.0,0.0,0.0,0.0,7.0,153.0,10.0,0.0,1.0,5.93
,,,0.0,28.0,1.0,2.0,,,,ab5546f40b60cd1c0a6e2e6e80b2ef7a280f3311,,2019-02-19 14:08:41+01:00,,,,,0.0,meta/main.yml,,,1.0,28.0,0.0,,0.0,0.0,0.0,0.0,0.0,0.0,0.0,0.0,0.0,1.0,0.0,0.0,0.0,0.0,0.0,0.0,0.0,0.0,0.0,0.0,0.0,0.0,0.0,17.0,0.0,0.0,0.0,0.0,0.0,0.0,0.0,0.0,0.0,0.0,0.0,1.0,42.0,4.0,0.0,0.0,5.01
,,,0.0,6.0,1.0,2.0,,,,ab5546f40b60cd1c0a6e2e6e80b2ef7a280f3311,,2019-02-19 14:08:41+01:00,,,,,1.0,tasks/main.yml,,,4.0,31.0,0.0,,0.0,0.0,0.0,0.0,0.0,0.0,0.0,0.0,5.0,0.0,0.0,0.0,0.0,0.0,3.0,0.0,0.0,0.0,3.0,0.0,0.0,0.0,1.0,19.0,0.0,1.0,0.0,0.0,3.0,0.0,0.0,0.0,0.0,0.0,0.0,5.0,68.0,3.0,0.0,0.0,4.97
2.0,1.0,1.0,0.0,9.0,2.0,8.0,0.0,0.0,0.0,ef44befed87acdfd27e5be4c868c346add26fe62,2.0,2019-04-01 14:02:44+02:00,2.0,2.0,1.0,1.0,0.0,tasks/configure.yml,50.0,1.0,2.0,26.0,0.0,0.0,0.0,0.0,0.0,0.0,4.0,1.0,0.0,0.0,3.0,0.0,0.0,0.0,2.0,1.0,0.0,0.0,0.0,0.0,0.0,0.0,0.0,0.0,0.0,24.0,0.0,0.0,0.0,0.0,15.0,3.0,0.0,0.0,0.0,0.0,0.0,3.0,82.0,3.0,0.0,0.0,5.86
44.0,22.0,43.0,0.0,7.0,2.0,8.0,14.0,27.0,27.0,ef44befed87acdfd27e5be4c868c346add26fe62,2.0,2019-04-01 14:02:44+02:00,1.0,17.0,8.0,16.0,0.0,tasks/preflight.yml,100.0,3.0,8.0,53.0,0.0,0.0,0.0,0.0,1.0,1.0,3.0,0.0,0.0,0.0,7.0,1.0,0.0,0.0,0.0,0.0,3.0,0.0,0.0,0.0,0.0,0.0,0.0,0.0,0.0,50.0,2.0,2.0,0.0,2.0,7.0,0.0,0.0,0.0,0.0,0.0,0.0,8.0,189.0,9.0,0.0,2.0,6.49
,,,0.0,6.0,2.0,8.0,,,,ef44befed87acdfd27e5be4c868c346add26fe62,,2019-04-01 14:02:44+02:00,,,,,0.0,handlers/main.yml,,,0.0,6.0,0.0,,0.0,0.0,0.0,0.0,0.0,0.0,0.0,0.0,1.0,0.0,0.0,0.0,0.0,0.0,0.0,0.0,0.0,0.0,0.0,0.0,0.0,0.0,0.0,6.0,0.0,0.0,0.0,0.0,3.0,0.0,0.0,0.0,0.0,0.0,0.0,1.0,12.0,2.0,0.0,0.0,3.08
2.0,2.0,2.0,0.0,8.0,2.0,8.0,2.0,2.0,2.0,ef44befed87acdfd27e5be4c868c346add26fe62,1.0,2019-04-01 14:02:44+02:00,1.0,0.0,0.0,0.0,1.0,tasks/install.yml,100.0,2.0,6.0,55.0,0.0,0.0,0.0,0.0,0.0,0.0,3.0,1.0,0.0,0.0,7.0,0.0,0.0,0.0,2.0,1.0,0.0,0.0,0.0,0.0,0.0,0.0,0.0,0.0,0.0,55.0,0.0,1.0,0.0,3.0,26.0,6.0,0.0,0.0,0.0,0.0,0.0,7.0,161.0,10.0,0.0,1.0,5.98
,,,0.0,28.0,2.0,8.0,,,,ef44befed87acdfd27e5be4c868c346add26fe62,,2019-04-01 14:02:44+02:00,,,,,0.0,meta/main.yml,,,1.0,28.0,0.0,,0.0,0.0,0.0,0.0,0.0,0.0,0.0,0.0,0.0,1.0,0.0,0.0,0.0,0.0,0.0,0.0,0.0,0.0,0.0,0.0,0.0,0.0,0.0,17.0,0.0,0.0,0.0,0.0,0.0,0.0,0.0,0.0,0.0,0.0,0.0,1.0,42.0,4.0,0.0,0.0,5.01
1.0,1.0,1.0,0.0,6.0,2.0,8.0,1.0,1.0,1.0,ef44befed87acdfd27e5be4c868c346add26fe62,1.0,2019-04-01 14:02:44+02:00,1.0,0.0,0.0,0.0,1.0,tasks/main.yml,100.0,1.0,4.0,32.0,0.0,0.0,0.0,0.0,0.0,0.0,0.0,0.0,0.0,0.0,5.0,0.0,0.0,0.0,0.0,0.0,3.0,0.0,0.0,0.0,3.0,0.0,0.0,0.0,1.0,20.0,0.0,1.0,0.0,0.0,4.0,0.0,0.0,0.0,0.0,0.0,0.0,5.0,70.0,3.0,0.0,0.0,5.04
,,,0.0,9.0,1.0,2.0,,,,f07cfcb56c6966e0785156cc86d3dc5da431a250,,2019-05-04 17:55:45+02:00,,,,,0.0,tasks/configure.yml,,,2.0,26.0,0.0,,0.0,0.0,0.0,0.0,4.0,1.0,0.0,0.0,3.0,0.0,0.0,0.0,2.0,1.0,0.0,0.0,0.0,0.0,0.0,0.0,0.0,0.0,0.0,24.0,0.0,0.0,0.0,0.0,15.0,3.0,0.0,0.0,0.0,0.0,0.0,3.0,82.0,3.0,0.0,0.0,5.86
1.0,1.0,1.0,0.0,7.0,1.0,2.0,0.0,0.0,0.0,f07cfcb56c6966e0785156cc86d3dc5da431a250,1.0,2019-05-04 17:55:45+02:00,1.0,1.0,1.0,1.0,0.0,tasks/preflight.yml,100.0,1.0,8.0,53.0,0.0,0.0,0.0,0.0,1.0,1.0,3.0,0.0,0.0,0.0,7.0,1.0,0.0,0.0,0.0,0.0,3.0,0.0,0.0,0.0,0.0,0.0,0.0,0.0,0.0,50.0,2.0,2.0,0.0,2.0,7.0,0.0,0.0,0.0,0.0,0.0,0.0,8.0,189.0,9.0,0.0,2.0,6.49
,,,0.0,6.0,1.0,2.0,,,,f07cfcb56c6966e0785156cc86d3dc5da431a250,,2019-05-04 17:55:45+02:00,,,,,0.0,handlers/main.yml,,,0.0,6.0,0.0,,0.0,0.0,0.0,0.0,0.0,0.0,0.0,0.0,1.0,0.0,0.0,0.0,0.0,0.0,0.0,0.0,0.0,0.0,0.0,0.0,0.0,0.0,0.0,6.0,0.0,0.0,0.0,0.0,3.0,0.0,0.0,0.0,0.0,0.0,0.0,1.0,12.0,2.0,0.0,0.0,3.08
,,,0.0,8.0,1.0,2.0,,,,f07cfcb56c6966e0785156cc86d3dc5da431a250,,2019-05-04 17:55:45+02:00,,,,,1.0,tasks/install.yml,,,6.0,55.0,0.0,,0.0,0.0,0.0,0.0,3.0,1.0,0.0,0.0,7.0,0.0,0.0,0.0,2.0,1.0,0.0,0.0,0.0,0.0,0.0,0.0,0.0,0.0,0.0,55.0,0.0,1.0,0.0,3.0,26.0,6.0,0.0,0.0,0.0,0.0,0.0,7.0,161.0,10.0,0.0,1.0,5.98
,,,0.0,28.0,1.0,2.0,,,,f07cfcb56c6966e0785156cc86d3dc5da431a250,,2019-05-04 17:55:45+02:00,,,,,0.0,meta/main.yml,,,1.0,28.0,0.0,,0.0,0.0,0.0,0.0,0.0,0.0,0.0,0.0,0.0,1.0,0.0,0.0,0.0,0.0,0.0,0.0,0.0,0.0,0.0,0.0,0.0,0.0,0.0,17.0,0.0,0.0,0.0,0.0,0.0,0.0,0.0,0.0,0.0,0.0,0.0,1.0,42.0,4.0,0.0,0.0,5.01
,,,0.0,6.0,1.0,2.0,,,,f07cfcb56c6966e0785156cc86d3dc5da431a250,,2019-05-04 17:55:45+02:00,,,,,1.0,tasks/main.yml,,,4.0,32.0,0.0,,0.0,0.0,0.0,0.0,0.0,0.0,0.0,0.0,5.0,0.0,0.0,0.0,0.0,0.0,3.0,0.0,0.0,0.0,3.0,0.0,0.0,0.0,1.0,20.0,0.0,1.0,0.0,0.0,4.0,0.0,0.0,0.0,0.0,0.0,0.0,5.0,70.0,3.0,0.0,0.0,5.04
,,,0.0,9.0,1.0,1.0,,,,9e55b07052460c09231a1a89c6ca48ec68ec437c,,2019-06-05 17:31:55+02:00,,,,,0.0,tasks/configure.yml,,,2.0,26.0,0.0,,0.0,0.0,0.0,0.0,4.0,1.0,0.0,0.0,3.0,0.0,0.0,0.0,2.0,1.0,0.0,0.0,0.0,0.0,0.0,0.0,0.0,0.0,0.0,24.0,0.0,0.0,0.0,0.0,15.0,3.0,0.0,0.0,0.0,0.0,0.0,3.0,82.0,3.0,0.0,0.0,5.86
,,,0.0,7.0,1.0,1.0,,,,9e55b07052460c09231a1a89c6ca48ec68ec437c,,2019-06-05 17:31:55+02:00,,,,,0.0,tasks/preflight.yml,,,8.0,53.0,0.0,,0.0,0.0,1.0,1.0,3.0,0.0,0.0,0.0,7.0,1.0,0.0,0.0,0.0,0.0,3.0,0.0,0.0,0.0,0.0,0.0,0.0,0.0,0.0,50.0,2.0,2.0,0.0,2.0,7.0,0.0,0.0,0.0,0.0,0.0,0.0,8.0,189.0,9.0,0.0,2.0,6.49
,,,0.0,6.0,1.0,1.0,,,,9e55b07052460c09231a1a89c6ca48ec68ec437c,,2019-06-05 17:31:55+02:00,,,,,0.0,handlers/main.yml,,,0.0,6.0,0.0,,0.0,0.0,0.0,0.0,0.0,0.0,0.0,0.0,1.0,0.0,0.0,0.0,0.0,0.0,0.0,0.0,0.0,0.0,0.0,0.0,0.0,0.0,0.0,6.0,0.0,0.0,0.0,0.0,3.0,0.0,0.0,0.0,0.0,0.0,0.0,1.0,12.0,2.0,0.0,0.0,3.08
7.0,4.0,4.0,0.0,9.0,1.0,1.0,2.0,4.0,4.0,9e55b07052460c09231a1a89c6ca48ec68ec437c,2.0,2019-06-05 17:31:55+02:00,2.0,3.0,2.0,3.0,1.0,tasks/install.yml,60.0,1.0,6.0,59.0,0.0,0.0,0.0,0.0,0.0,0.0,3.0,1.0,0.0,0.0,7.0,0.0,0.0,0.0,2.0,1.0,0.0,0.0,0.0,0.0,0.0,0.0,0.0,0.0,0.0,59.0,0.0,1.0,0.0,3.0,26.0,6.0,0.0,0.0,0.0,0.0,0.0,7.0,167.0,10.0,0.0,2.0,6.1
,,,0.0,28.0,1.0,1.0,,,,9e55b07052460c09231a1a89c6ca48ec68ec437c,,2019-06-05 17:31:55+02:00,,,,,0.0,meta/main.yml,,,1.0,28.0,0.0,,0.0,0.0,0.0,0.0,0.0,0.0,0.0,0.0,0.0,1.0,0.0,0.0,0.0,0.0,0.0,0.0,0.0,0.0,0.0,0.0,0.0,0.0,0.0,17.0,0.0,0.0,0.0,0.0,0.0,0.0,0.0,0.0,0.0,0.0,0.0,1.0,42.0,4.0,0.0,0.0,5.01
,,,0.0,6.0,1.0,1.0,,,,9e55b07052460c09231a1a89c6ca48ec68ec437c,,2019-06-05 17:31:55+02:00,,,,,1.0,tasks/main.yml,,,4.0,32.0,0.0,,0.0,0.0,0.0,0.0,0.0,0.0,0.0,0.0,5.0,0.0,0.0,0.0,0.0,0.0,3.0,0.0,0.0,0.0,3.0,0.0,0.0,0.0,1.0,20.0,0.0,1.0,0.0,0.0,4.0,0.0,0.0,0.0,0.0,0.0,0.0,5.0,70.0,3.0,0.0,0.0,5.04
,,,0.0,9.0,2.0,7.0,,,,28c7e67aeb62ae53305bfc5f8ee8db38b6ae10de,,2019-09-11 12:44:22+02:00,,,,,0.0,tasks/configure.yml,,,2.0,26.0,0.0,,0.0,0.0,0.0,0.0,4.0,1.0,0.0,0.0,3.0,0.0,0.0,0.0,2.0,1.0,0.0,0.0,0.0,0.0,0.0,0.0,0.0,0.0,0.0,24.0,0.0,0.0,0.0,0.0,15.0,3.0,0.0,0.0,0.0,0.0,0.0,3.0,82.0,3.0,0.0,0.0,5.86
20.0,7.0,18.0,0.0,7.0,2.0,7.0,6.0,18.0,18.0,28c7e67aeb62ae53305bfc5f8ee8db38b6ae10de,3.0,2019-09-11 12:44:22+02:00,3.0,2.0,1.0,1.0,0.0,tasks/preflight.yml,81.82,1.0,10.0,69.0,0.0,0.0,0.0,0.0,1.0,2.0,4.0,0.0,1.0,0.0,9.0,1.0,0.0,0.0,0.0,0.0,5.0,0.0,0.0,0.0,0.0,0.0,0.0,0.0,0.0,63.0,2.0,2.0,0.0,2.0,8.0,1.0,0.0,0.0,0.0,0.0,0.0,10.0,231.0,11.0,0.0,4.0,6.7
,,,0.0,6.0,2.0,7.0,,,,28c7e67aeb62ae53305bfc5f8ee8db38b6ae10de,,2019-09-11 12:44:22+02:00,,,,,0.0,handlers/main.yml,,,0.0,6.0,0.0,,0.0,0.0,0.0,0.0,0.0,0.0,0.0,0.0,1.0,0.0,0.0,0.0,0.0,0.0,0.0,0.0,0.0,0.0,0.0,0.0,0.0,0.0,0.0,6.0,0.0,0.0,0.0,0.0,3.0,0.0,0.0,0.0,0.0,0.0,0.0,1.0,12.0,2.0,0.0,0.0,3.08
,,,0.0,9.0,2.0,7.0,,,,28c7e67aeb62ae53305bfc5f8ee8db38b6ae10de,,2019-09-11 12:44:22+02:00,,,,,1.0,tasks/install.yml,,,6.0,59.0,0.0,,0.0,0.0,0.0,0.0,3.0,1.0,0.0,0.0,7.0,0.0,0.0,0.0,2.0,1.0,0.0,0.0,0.0,0.0,0.0,0.0,0.0,0.0,0.0,59.0,0.0,1.0,0.0,3.0,26.0,6.0,0.0,0.0,0.0,0.0,0.0,7.0,167.0,10.0,0.0,2.0,6.1
3.0,2.0,2.0,0.0,28.0,2.0,7.0,0.0,0.0,0.0,28c7e67aeb62ae53305bfc5f8ee8db38b6ae10de,2.0,2019-09-11 12:44:22+02:00,1.0,3.0,2.0,2.0,0.0,meta/main.yml,100.0,2.0,1.0,28.0,0.0,0.0,0.0,0.0,0.0,0.0,0.0,0.0,0.0,0.0,0.0,1.0,0.0,0.0,0.0,0.0,0.0,0.0,0.0,0.0,0.0,0.0,0.0,0.0,0.0,17.0,0.0,0.0,0.0,0.0,0.0,0.0,0.0,0.0,0.0,0.0,0.0,1.0,42.0,4.0,0.0,0.0,5.01
8.0,2.0,5.0,0.0,8.0,2.0,7.0,1.0,5.0,3.0,28c7e67aeb62ae53305bfc5f8ee8db38b6ae10de,4.0,2019-09-11 12:44:22+02:00,2.0,3.0,1.0,2.0,0.0,tasks/main.yml,90.91,1.5,4.0,37.0,0.0,0.0,0.0,0.0,0.0,0.0,2.0,2.0,0.0,0.0,5.0,0.0,0.0,0.0,0.0,0.0,10.0,0.0,0.0,0.0,3.0,0.0,0.0,0.0,1.0,21.0,0.0,1.0,0.0,0.0,4.0,0.0,0.0,0.0,0.0,0.0,0.0,5.0,112.0,3.0,0.0,0.0,5.17
